ISO-10303-21;
HEADER;
FILE_DESCRIPTION (( 'STEP AP214' ),
    '1' );
FILE_NAME ('MP23ABS1.STEP',
    '2024-01-31T04:03:24',
    ( 'LENOVO' ),
    ( '' ),
    'SwSTEP 2.0',
    'SolidWorks 2021',
    '' );
FILE_SCHEMA (( 'AUTOMOTIVE_DESIGN' ));
ENDSEC;

DATA;
#1 = DIRECTION ( 'NONE',  ( 0.000000000000000000, -0.000000000000000000, 1.000000000000000000 ) ) ;
#2 = FACE_OUTER_BOUND ( 'NONE', #2016, .T. ) ;
#3 = CARTESIAN_POINT ( 'NONE',  ( -0.9300000000000000488, 0.2300000000000000100, 1.405000000000000027 ) ) ;
#4 = DIRECTION ( 'NONE',  ( -1.000000000000000000, 0.000000000000000000, 0.000000000000000000 ) ) ;
#5 = EDGE_LOOP ( 'NONE', ( #2052, #2047, #3132, #1784 ) ) ;
#6 = VERTEX_POINT ( 'NONE', #1561 ) ;
#7 = ADVANCED_FACE ( 'NONE', ( #381 ), #2712, .T. ) ;
#8 = AXIS2_PLACEMENT_3D ( 'NONE', #1088, #2084, #320 ) ;
#9 = FACE_BOUND ( 'NONE', #45, .T. ) ;
#10 = FACE_OUTER_BOUND ( 'NONE', #3150, .T. ) ;
#11 = CARTESIAN_POINT ( 'NONE',  ( -0.9299999999999972733, 0.2600000000000000644, -1.625000000000000000 ) ) ;
#12 = DIRECTION ( 'NONE',  ( 1.000000000000000000, 0.000000000000000000, 0.000000000000000000 ) ) ;
#13 = ORIENTED_EDGE ( 'NONE', *, *, #3182, .F. ) ;
#14 = ADVANCED_FACE ( 'NONE', ( #1437 ), #251, .F. ) ;
#15 = EDGE_LOOP ( 'NONE', ( #40, #1801 ) ) ;
#16 = EDGE_CURVE ( 'NONE', #3141, #1819, #2571, .T. ) ;
#17 = ADVANCED_FACE ( 'NONE', ( #1453 ), #389, .F. ) ;
#18 = LINE ( 'NONE', #1700, #50 ) ;
#19 = PRESENTATION_STYLE_ASSIGNMENT (( #2045 ) ) ;
#20 = EDGE_LOOP ( 'NONE', ( #672, #1098, #2701, #2988 ) ) ;
#21 = CARTESIAN_POINT ( 'NONE',  ( -0.8952367276162871423, 1.080000000000000071, 1.399038729505868384 ) ) ;
#22 = ORIENTED_EDGE ( 'NONE', *, *, #1046, .T. ) ;
#23 = CARTESIAN_POINT ( 'NONE',  ( -0.9299999999999984945, 0.2300000000000000100, -1.625000000000000000 ) ) ;
#24 = EDGE_CURVE ( 'NONE', #3093, #1767, #437, .T. ) ;
#25 = VECTOR ( 'NONE', #574, 1000.000000000000000 ) ;
#26 = CARTESIAN_POINT ( 'NONE',  ( -0.9299999999999972733, 0.2600000000000000644, -1.625000000000000000 ) ) ;
#27 = DIRECTION ( 'NONE',  ( -0.000000000000000000, -1.000000000000000000, -0.000000000000000000 ) ) ;
#28 = VECTOR ( 'NONE', #1256, 1000.000000000000000 ) ;
#29 = ORIENTED_EDGE ( 'NONE', *, *, #1207, .T. ) ;
#30 = VERTEX_POINT ( 'NONE', #1020 ) ;
#31 = LINE ( 'NONE', #2100, #36 ) ;
#32 = EDGE_CURVE ( 'NONE', #2014, #2933, #1507, .T. ) ;
#33 = DIRECTION ( 'NONE',  ( 0.000000000000000000, 0.000000000000000000, 1.000000000000000000 ) ) ;
#34 = EDGE_LOOP ( 'NONE', ( #3111, #2825, #3131, #627 ) ) ;
#35 = ORIENTED_EDGE ( 'NONE', *, *, #1833, .F. ) ;
#36 = VECTOR ( 'NONE', #1389, 1000.000000000000000 ) ;
#37 = LINE ( 'NONE', #97, #59 ) ;
#38 = DIRECTION ( 'NONE',  ( -0.000000000000000000, -1.000000000000000000, -0.000000000000000000 ) ) ;
#39 = AXIS2_PLACEMENT_3D ( 'NONE', #374, #237, #1954 ) ;
#40 = ORIENTED_EDGE ( 'NONE', *, *, #2623, .T. ) ;
#41 = DIRECTION ( 'NONE',  ( -0.000000000000000000, -1.000000000000000000, -0.000000000000000000 ) ) ;
#42 = ORIENTED_EDGE ( 'NONE', *, *, #1876, .T. ) ;
#43 = AXIS2_PLACEMENT_3D ( 'NONE', #1770, #2758, #2365 ) ;
#44 = VECTOR ( 'NONE', #1515, 1000.000000000000000 ) ;
#45 = EDGE_LOOP ( 'NONE', ( #2003, #2033, #3112, #2864 ) ) ;
#46 = AXIS2_PLACEMENT_3D ( 'NONE', #2005, #2657, #1647 ) ;
#47 = EDGE_LOOP ( 'NONE', ( #3037, #921, #2974, #872 ) ) ;
#48 = CARTESIAN_POINT ( 'NONE',  ( 0.4755000000000281779, 0.05000000000000000278, -0.8020000000000343521 ) ) ;
#49 = ADVANCED_FACE ( 'NONE', ( #1462 ), #1286, .F. ) ;
#50 = VECTOR ( 'NONE', #2557, 1000.000000000000000 ) ;
#51 = CARTESIAN_POINT ( 'NONE',  ( 0.000000000000000000, 1.080000000000000071, 0.000000000000000000 ) ) ;
#52 = DIRECTION ( 'NONE',  ( 0.000000000000000000, -1.000000000000000000, 0.000000000000000000 ) ) ;
#53 = AXIS2_PLACEMENT_3D ( 'NONE', #182, #945, #1433 ) ;
#54 = FACE_OUTER_BOUND ( 'NONE', #408, .T. ) ;
#55 = ORIENTED_EDGE ( 'NONE', *, *, #226, .F. ) ;
#56 = DIRECTION ( 'NONE',  ( 1.000000000000000000, -0.000000000000000000, 0.000000000000000000 ) ) ;
#57 = EDGE_LOOP ( 'NONE', ( #978, #1919, #3104, #914 ) ) ;
#58 =( NAMED_UNIT ( * ) PLANE_ANGLE_UNIT ( ) SI_UNIT ( $, .RADIAN. ) );
#59 = VECTOR ( 'NONE', #323, 1000.000000000000000 ) ;
#60 = AXIS2_PLACEMENT_3D ( 'NONE', #1144, #119, #1318 ) ;
#61 = VERTEX_POINT ( 'NONE', #1267 ) ;
#62 = ORIENTED_EDGE ( 'NONE', *, *, #1759, .T. ) ;
#63 = FACE_OUTER_BOUND ( 'NONE', #3000, .T. ) ;
#64 = DIRECTION ( 'NONE',  ( 1.000000000000000000, 0.000000000000000000, 0.000000000000000000 ) ) ;
#65 = ORIENTED_EDGE ( 'NONE', *, *, #2409, .T. ) ;
#66 = EDGE_CURVE ( 'NONE', #1167, #740, #1446, .T. ) ;
#67 = CARTESIAN_POINT ( 'NONE',  ( -1.200499999999978362, 0.05000000000000000278, -1.104000000000037174 ) ) ;
#68 = ORIENTED_EDGE ( 'NONE', *, *, #1833, .T. ) ;
#69 =( NAMED_UNIT ( * ) PLANE_ANGLE_UNIT ( ) SI_UNIT ( $, .RADIAN. ) );
#70 = LINE ( 'NONE', #3023, #1159 ) ;
#71 = VERTEX_POINT ( 'NONE', #456 ) ;
#72 = EDGE_CURVE ( 'NONE', #1221, #2821, #412, .T. ) ;
#73 = VERTEX_POINT ( 'NONE', #2524 ) ;
#74 = ADVANCED_FACE ( 'NONE', ( #1473 ), #433, .T. ) ;
#75 = DIRECTION ( 'NONE',  ( 0.000000000000000000, 0.000000000000000000, -1.000000000000000000 ) ) ;
#76 = CARTESIAN_POINT ( 'NONE',  ( -0.8899999999999995692, 1.080000000000000071, -1.364999999999999991 ) ) ;
#77 = DIRECTION ( 'NONE',  ( 0.000000000000000000, 0.000000000000000000, -1.000000000000000000 ) ) ;
#78 = EDGE_LOOP ( 'NONE', ( #2233, #3202 ) ) ;
#79 = ORIENTED_EDGE ( 'NONE', *, *, #3089, .T. ) ;
#80 = EDGE_CURVE ( 'NONE', #3005, #1243, #2559, .T. ) ;
#81 = ADVANCED_FACE ( 'NONE', ( #2575 ), #442, .T. ) ;
#82 = CARTESIAN_POINT ( 'NONE',  ( 0.000000000000000000, 0.05000000000000012768, 0.1974999999999999811 ) ) ;
#83 = LINE ( 'NONE', #3066, #1196 ) ;
#84 = ORIENTED_EDGE ( 'NONE', *, *, #347, .T. ) ;
#85 = ORIENTED_EDGE ( 'NONE', *, *, #1163, .T. ) ;
#86 = CIRCLE ( 'NONE', #178, 0.03000000000000007869 ) ;
#87 =( LENGTH_UNIT ( ) NAMED_UNIT ( * ) SI_UNIT ( .MILLI., .METRE. ) );
#88 = ORIENTED_EDGE ( 'NONE', *, *, #222, .T. ) ;
#89 = CARTESIAN_POINT ( 'NONE',  ( -0.9249516375886532860, 0.9509380780268221756, 1.592185644326246097 ) ) ;
#90 = AXIS2_PLACEMENT_3D ( 'NONE', #411, #213, #632 ) ;
#91 = ORIENTED_EDGE ( 'NONE', *, *, #2096, .F. ) ;
#92 = CARTESIAN_POINT ( 'NONE',  ( 0.4755000000000196292, 0.05000000000000012768, -1.624000000000022093 ) ) ;
#93 = VECTOR ( 'NONE', #533, 1000.000000000000000 ) ;
#94 = VERTEX_POINT ( 'NONE', #1725 ) ;
#95 = ORIENTED_EDGE ( 'NONE', *, *, #2685, .T. ) ;
#96 = AXIS2_PLACEMENT_3D ( 'NONE', #2661, #670, #246 ) ;
#97 = CARTESIAN_POINT ( 'NONE',  ( -0.4754999999999783289, 2.348097038856279628, -1.104000000000037174 ) ) ;
#98 =( NAMED_UNIT ( * ) PLANE_ANGLE_UNIT ( ) SI_UNIT ( $, .RADIAN. ) );
#99 = CARTESIAN_POINT ( 'NONE',  ( -1.325000000000000400, 0.000000000000000000, 1.750000000000000000 ) ) ;
#100 = LINE ( 'NONE', #2682, #1082 ) ;
#101 = CARTESIAN_POINT ( 'NONE',  ( -0.9134314575050761498, 1.080000000000000071, 1.517304473782995489 ) ) ;
#102 = DIRECTION ( 'NONE',  ( 0.000000000000000000, -1.000000000000000000, 0.000000000000000000 ) ) ;
#103 = LINE ( 'NONE', #203, #1190 ) ;
#104 = ORIENTED_EDGE ( 'NONE', *, *, #230, .T. ) ;
#105 = ORIENTED_EDGE ( 'NONE', *, *, #1759, .F. ) ;
#106 = EDGE_CURVE ( 'NONE', #1070, #745, #1518, .T. ) ;
#107 = DIRECTION ( 'NONE',  ( 0.000000000000000000, -0.000000000000000000, -1.000000000000000000 ) ) ;
#108 = ORIENTED_EDGE ( 'NONE', *, *, #611, .T. ) ;
#109 = EDGE_LOOP ( 'NONE', ( #2231, #1834, #2757, #1641 ) ) ;
#110 = EDGE_CURVE ( 'NONE', #2150, #615, #2525, .T. ) ;
#111 = FACE_OUTER_BOUND ( 'NONE', #1690, .T. ) ;
#112 = LINE ( 'NONE', #3241, #1203 ) ;
#113 = FILL_AREA_STYLE_COLOUR ( '', #504 ) ;
#114 = DIRECTION ( 'NONE',  ( 1.000000000000000000, 0.000000000000000000, 0.000000000000000000 ) ) ;
#115 = DIRECTION ( 'NONE',  ( 1.042502088928369672E-14, 0.000000000000000000, 1.000000000000000000 ) ) ;
#116 = ORIENTED_EDGE ( 'NONE', *, *, #249, .F. ) ;
#117 = CARTESIAN_POINT ( 'NONE',  ( -2.108586294075578256E-17, 0.05000000000000000278, -0.2820000000000428830 ) ) ;
#118 = DIRECTION ( 'NONE',  ( 2.939855890778051341E-14, 0.000000000000000000, -1.000000000000000000 ) ) ;
#119 = DIRECTION ( 'NONE',  ( -0.000000000000000000, 0.000000000000000000, -1.000000000000000000 ) ) ;
#120 = EDGE_CURVE ( 'NONE', #657, #425, #1491, .T. ) ;
#121 = LINE ( 'NONE', #878, #93 ) ;
#122 = UNCERTAINTY_MEASURE_WITH_UNIT (LENGTH_MEASURE( 1.000000000000000082E-05 ), #87, 'distance_accuracy_value', 'NONE');
#123 = ORIENTED_EDGE ( 'NONE', *, *, #839, .F. ) ;
#124 = CARTESIAN_POINT ( 'NONE',  ( 0.000000000000000000, 0.05000000000000012768, 0.7099999999999999645 ) ) ;
#125 = CARTESIAN_POINT ( 'NONE',  ( 1.149999999999999467, 0.8199999999999999512, 1.405000000000000027 ) ) ;
#126 = FACE_BOUND ( 'NONE', #1875, .T. ) ;
#127 = CARTESIAN_POINT ( 'NONE',  ( -0.9004701872249818440, 1.073232164006397316, -1.433056216962383722 ) ) ;
#128 = DIRECTION ( 'NONE',  ( 0.000000000000000000, 0.000000000000000000, -1.000000000000000000 ) ) ;
#129 = CYLINDRICAL_SURFACE ( 'NONE', #43, 0.03000000000000007869 ) ;
#130 = ORIENTED_EDGE ( 'NONE', *, *, #2338, .F. ) ;
#131 = CYLINDRICAL_SURFACE ( 'NONE', #1844, 0.1000000000000000472 ) ;
#132 = PLANE ( 'NONE',  #652 ) ;
#133 = AXIS2_PLACEMENT_3D ( 'NONE', #472, #2707, #490 ) ;
#134 = EDGE_LOOP ( 'NONE', ( #643, #987, #2830, #1937 ) ) ;
#135 = ADVANCED_FACE ( 'NONE', ( #413 ), #1494, .F. ) ;
#136 = FACE_OUTER_BOUND ( 'NONE', #160, .T. ) ;
#137 = AXIS2_PLACEMENT_3D ( 'NONE', #2081, #2274, #2493 ) ;
#138 = CARTESIAN_POINT ( 'NONE',  ( 0.9289587250122495199, 0.8880573068030235273, -1.618231712579623283 ) ) ;
#139 = PLANE ( 'NONE',  #1372 ) ;
#140 = DIRECTION ( 'NONE',  ( -0.000000000000000000, -1.000000000000000000, -0.000000000000000000 ) ) ;
#141 =( BOUNDED_CURVE ( )  B_SPLINE_CURVE ( 3, ( #2143, #3206, #2391, #1383 ),
 .UNSPECIFIED., .F., .F. ) 
 B_SPLINE_CURVE_WITH_KNOTS ( ( 4, 4 ),
 ( 0.000000000000000000, 1.570796326794896558 ),
 .UNSPECIFIED. ) 
 CURVE ( )  GEOMETRIC_REPRESENTATION_ITEM ( )  RATIONAL_B_SPLINE_CURVE ( ( 1.000000000000000000, 0.8047378541243649375, 0.8047378541243649375, 1.000000000000000000 ) ) 
 REPRESENTATION_ITEM ( '' )  );
#142 = CARTESIAN_POINT ( 'NONE',  ( -0.4754999999999898197, 0.05000000000000012768, -4.957097432854290938E-15 ) ) ;
#143 = ORIENTED_EDGE ( 'NONE', *, *, #2502, .T. ) ;
#144 = DIRECTION ( 'NONE',  ( 0.000000000000000000, -0.000000000000000000, -1.000000000000000000 ) ) ;
#145 = TOROIDAL_SURFACE ( 'NONE', #1900, 0.2866666666666661811, 0.06666666666666624941 ) ;
#146 = AXIS2_PLACEMENT_3D ( 'NONE', #1572, #1877, #2149 ) ;
#147 = VERTEX_POINT ( 'NONE', #1476 ) ;
#148 = DIRECTION ( 'NONE',  ( -0.000000000000000000, -1.000000000000000000, 0.000000000000000000 ) ) ;
#149 = CARTESIAN_POINT ( 'NONE',  ( 0.9299999795509146239, 0.8540379109755187326, 1.625000000000000000 ) ) ;
#150 = FACE_OUTER_BOUND ( 'NONE', #2227, .T. ) ;
#151 = DIRECTION ( 'NONE',  ( 1.042502088928369515E-14, 0.000000000000000000, 1.000000000000000000 ) ) ;
#152 = CARTESIAN_POINT ( 'NONE',  ( -1.149999999999999911, 0.3300000000000001266, 0.000000000000000000 ) ) ;
#153 = DIRECTION ( 'NONE',  ( -1.000000000000000000, 0.000000000000000000, -1.042502088928369515E-14 ) ) ;
#154 = EDGE_CURVE ( 'NONE', #2014, #1750, #2601, .T. ) ;
#155 = PLANE ( 'NONE',  #146 ) ;
#156 = ORIENTED_EDGE ( 'NONE', *, *, #2123, .F. ) ;
#157 = FACE_OUTER_BOUND ( 'NONE', #2011, .T. ) ;
#158 = CARTESIAN_POINT ( 'NONE',  ( 2.108586294075512928E-17, 2.348097038856279628, -0.2820000000000342233 ) ) ;
#159 = EDGE_CURVE ( 'NONE', #425, #993, #421, .T. ) ;
#160 = EDGE_LOOP ( 'NONE', ( #2978, #3229, #3047, #1958 ) ) ;
#161 = SURFACE_STYLE_FILL_AREA ( #1869 ) ;
#162 = CARTESIAN_POINT ( 'NONE',  ( 0.9096325669405644909, 1.080000112146722646, -1.384632566940566800 ) ) ;
#163 = DIRECTION ( 'NONE',  ( 0.000000000000000000, 0.000000000000000000, -1.000000000000000000 ) ) ;
#164 = CARTESIAN_POINT ( 'NONE',  ( 0.9299999999999994937, 0.9723044737829952266, -1.625000000000000222 ) ) ;
#165 = ORIENTED_EDGE ( 'NONE', *, *, #869, .F. ) ;
#166 = EDGE_CURVE ( 'NONE', #1819, #3244, #454, .T. ) ;
#167 = CARTESIAN_POINT ( 'NONE',  ( 0.4755000000000046412, 0.000000000000000000, 1.397901476064977039E-14 ) ) ;
#168 = UNCERTAINTY_MEASURE_WITH_UNIT (LENGTH_MEASURE( 1.000000000000000082E-05 ), #3050, 'distance_accuracy_value', 'NONE');
#169 = DIRECTION ( 'NONE',  ( -1.000000000000000000, 0.000000000000000000, 1.211315530639012186E-14 ) ) ;
#170 = ORIENTED_EDGE ( 'NONE', *, *, #322, .F. ) ;
#171 = LINE ( 'NONE', #2392, #1297 ) ;
#172 = AXIS2_PLACEMENT_3D ( 'NONE', #2597, #798, #2545 ) ;
#173 = DIRECTION ( 'NONE',  ( 0.000000000000000000, 0.000000000000000000, -1.000000000000000000 ) ) ;
#174 = CARTESIAN_POINT ( 'NONE',  ( -0.9134314575050761498, 1.080000000000000071, -1.517304473782995489 ) ) ;
#175 = DIRECTION ( 'NONE',  ( 0.000000000000000000, 1.000000000000000000, -0.000000000000000000 ) ) ;
#176 = TOROIDAL_SURFACE ( 'NONE', #502, 0.2866666666666661811, 0.06666666666666624941 ) ;
#177 = DIRECTION ( 'NONE',  ( -1.000000000000000000, 0.000000000000000000, 1.042502088928369672E-14 ) ) ;
#178 = AXIS2_PLACEMENT_3D ( 'NONE', #519, #33, #741 ) ;
#179 = ORIENTED_EDGE ( 'NONE', *, *, #790, .T. ) ;
#180 = LINE ( 'NONE', #228, #2377 ) ;
#181 = VECTOR ( 'NONE', #1472, 1000.000000000000000 ) ;
#182 = CARTESIAN_POINT ( 'NONE',  ( 0.9299999999999996048, 6.141519810323690542, 1.405000000000000027 ) ) ;
#183 = DIRECTION ( 'NONE',  ( 0.000000000000000000, -0.000000000000000000, -1.000000000000000000 ) ) ;
#184 = ORIENTED_EDGE ( 'NONE', *, *, #989, .F. ) ;
#185 = AXIS2_PLACEMENT_3D ( 'NONE', #1562, #448, #253 ) ;
#186 = CIRCLE ( 'NONE', #3035, 0.2199999999999999178 ) ;
#187 = VECTOR ( 'NONE', #1741, 1000.000000000000000 ) ;
#188 = CARTESIAN_POINT ( 'NONE',  ( 0.8952367276162866983, 1.080000000000000071, 1.399038729505868384 ) ) ;
#189 = CARTESIAN_POINT ( 'NONE',  ( 0.000000000000000000, 0.05000000000000000278, 0.1974999999999999811 ) ) ;
#190 = VERTEX_POINT ( 'NONE', #2333 ) ;
#191 = CIRCLE ( 'NONE', #46, 0.1000000000000000472 ) ;
#192 = AXIS2_PLACEMENT_3D ( 'NONE', #2797, #390, #1185 ) ;
#193 = VECTOR ( 'NONE', #3170, 1000.000000000000000 ) ;
#194 = CARTESIAN_POINT ( 'NONE',  ( 6.276314845630184232E-17, 0.05000000000000012768, 1.222499999999999920 ) ) ;
#195 = EDGE_CURVE ( 'NONE', #880, #657, #522, .T. ) ;
#196 = DIRECTION ( 'NONE',  ( 0.000000000000000000, 0.000000000000000000, -1.000000000000000000 ) ) ;
#197 = DIRECTION ( 'NONE',  ( 0.000000000000000000, -0.000000000000000000, 1.000000000000000000 ) ) ;
#198 = CYLINDRICAL_SURFACE ( 'NONE', #1604, 0.03000000000000007869 ) ;
#199 = LINE ( 'NONE', #1237, #2423 ) ;
#200 = EDGE_CURVE ( 'NONE', #3051, #1951, #488, .T. ) ;
#201 = FACE_OUTER_BOUND ( 'NONE', #2895, .T. ) ;
#202 = DIRECTION ( 'NONE',  ( 0.000000000000000000, -1.000000000000000000, 0.000000000000000000 ) ) ;
#203 = CARTESIAN_POINT ( 'NONE',  ( 1.149999999999999467, 6.141519810323690542, 1.404999999999998250 ) ) ;
#204 = VECTOR ( 'NONE', #1963, 1000.000000000000000 ) ;
#205 = FACE_OUTER_BOUND ( 'NONE', #2073, .T. ) ;
#206 = CARTESIAN_POINT ( 'NONE',  ( 0.9240387295058689610, 1.080000000000000071, -1.370236727616288341 ) ) ;
#207 = EDGE_CURVE ( 'NONE', #2810, #1191, #1584, .T. ) ;
#208 = CARTESIAN_POINT ( 'NONE',  ( 0.4755000000000250693, 0.000000000000000000, -1.104000000000022075 ) ) ;
#209 = CARTESIAN_POINT ( 'NONE',  ( 1.324999999999999512, 0.2300000000000000100, 1.750000000000000000 ) ) ;
#210 = FACE_OUTER_BOUND ( 'NONE', #34, .T. ) ;
#211 = LINE ( 'NONE', #2910, #1274 ) ;
#212 = DIRECTION ( 'NONE',  ( 0.000000000000000000, 0.000000000000000000, -1.000000000000000000 ) ) ;
#213 = DIRECTION ( 'NONE',  ( 0.000000000000000000, 0.000000000000000000, -1.000000000000000000 ) ) ;
#214 = AXIS2_PLACEMENT_3D ( 'NONE', #3044, #2736, #2303 ) ;
#215 = VECTOR ( 'NONE', #449, 1000.000000000000000 ) ;
#216 = FACE_OUTER_BOUND ( 'NONE', #2248, .T. ) ;
#217 = PRESENTATION_LAYER_ASSIGNMENT (  '', '', ( #1946 ) ) ;
#218 = DIRECTION ( 'NONE',  ( 0.000000000000000000, 0.000000000000000000, 1.000000000000000000 ) ) ;
#219 = LINE ( 'NONE', #1258, #227 ) ;
#220 = SURFACE_SIDE_STYLE ('',( #1606 ) ) ;
#221 = DIRECTION ( 'NONE',  ( -1.000000000000000000, -0.000000000000000000, -0.000000000000000000 ) ) ;
#222 = EDGE_CURVE ( 'NONE', #1767, #1915, #2667, .T. ) ;
#223 = DIRECTION ( 'NONE',  ( 0.000000000000000000, 0.000000000000000000, -1.000000000000000000 ) ) ;
#224 = CARTESIAN_POINT ( 'NONE',  ( -1.131246803533017875, 0.9411264547274751369, -1.606246803533018408 ) ) ;
#225 = FACE_OUTER_BOUND ( 'NONE', #109, .T. ) ;
#226 = EDGE_CURVE ( 'NONE', #2764, #1718, #1590, .T. ) ;
#227 = VECTOR ( 'NONE', #1460, 1000.000000000000000 ) ;
#228 = CARTESIAN_POINT ( 'NONE',  ( -1.149999999999999911, 0.3300000000000001266, 1.404999999999997140 ) ) ;
#229 = DIRECTION ( 'NONE',  ( 0.000000000000000000, -1.000000000000000000, 0.000000000000000000 ) ) ;
#230 = EDGE_CURVE ( 'NONE', #2236, #2309, #2622, .T. ) ;
#231 = FACE_OUTER_BOUND ( 'NONE', #1238, .T. ) ;
#232 = MANIFOLD_SOLID_BREP ( 'Boss-Extrude4[3]', #3223 ) ;
#233 = DIRECTION ( 'NONE',  ( 0.000000000000000000, 0.000000000000000000, 1.000000000000000000 ) ) ;
#234 = PLANE ( 'NONE',  #2551 ) ;
#235 = FACE_OUTER_BOUND ( 'NONE', #1183, .T. ) ;
#236 = CARTESIAN_POINT ( 'NONE',  ( -1.325000000000000400, 0.2300000000000000100, -1.750000000000000000 ) ) ;
#237 = DIRECTION ( 'NONE',  ( -1.000000000000000000, -0.000000000000000000, -0.000000000000000000 ) ) ;
#238 = CARTESIAN_POINT ( 'NONE',  ( -1.049783818381989864, 1.027911707835015065, -1.389582125904921250 ) ) ;
#239 = AXIS2_PLACEMENT_3D ( 'NONE', #1933, #1860, #1638 ) ;
#240 = FACE_OUTER_BOUND ( 'NONE', #2928, .T. ) ;
#241 = CARTESIAN_POINT ( 'NONE',  ( 1.200500000000012779, 0.000000000000000000, -0.2820000000000429941 ) ) ;
#242 = PLANE ( 'NONE',  #642 ) ;
#243 = DIRECTION ( 'NONE',  ( -1.000000000000000000, 0.000000000000000000, -2.939855890778051341E-14 ) ) ;
#244 = CIRCLE ( 'NONE', #2781, 0.03000000000000007869 ) ;
#245 = AXIS2_PLACEMENT_3D ( 'NONE', #528, #1564, #487 ) ;
#246 = DIRECTION ( 'NONE',  ( -1.000000000000000000, 0.000000000000000000, -0.000000000000000000 ) ) ;
#247 = MANIFOLD_SOLID_BREP ( 'Boss-Extrude4[4]', #3154 ) ;
#248 = LINE ( 'NONE', #1691, #2395 ) ;
#249 = EDGE_CURVE ( 'NONE', #2534, #2150, #500, .T. ) ;
#250 = ADVANCED_FACE ( 'NONE', ( #2648 ), #2627, .F. ) ;
#251 = PLANE ( 'NONE',  #1276 ) ;
#252 =( NAMED_UNIT ( * ) SI_UNIT ( $, .STERADIAN. ) SOLID_ANGLE_UNIT ( ) );
#253 = DIRECTION ( 'NONE',  ( 0.000000000000000000, 0.000000000000000000, 1.000000000000000000 ) ) ;
#254 = CYLINDRICAL_SURFACE ( 'NONE', #2055, 0.5124999999999999556 ) ;
#255 = CARTESIAN_POINT ( 'NONE',  ( -0.4754999999999728888, 0.05000000000000000278, -1.624000000000037414 ) ) ;
#256 = EDGE_CURVE ( 'NONE', #3093, #1761, #1594, .T. ) ;
#257 = LINE ( 'NONE', #2980, #1337 ) ;
#258 = CARTESIAN_POINT ( 'NONE',  ( 0.4755000000000046412, 0.05000000000000012768, 1.397901476064977039E-14 ) ) ;
#259 = DIRECTION ( 'NONE',  ( 0.000000000000000000, 0.000000000000000000, -1.000000000000000000 ) ) ;
#260 = FACE_OUTER_BOUND ( 'NONE', #1104, .T. ) ;
#261 = DIRECTION ( 'NONE',  ( 0.000000000000000000, 0.000000000000000000, -1.000000000000000000 ) ) ;
#262 = DIRECTION ( 'NONE',  ( -1.000000000000000000, 0.000000000000000000, 0.000000000000000000 ) ) ;
#263 = PLANE ( 'NONE',  #2613 ) ;
#264 = AXIS2_PLACEMENT_3D ( 'NONE', #2184, #1576, #2608 ) ;
#265 = LINE ( 'NONE', #2230, #294 ) ;
#266 = CARTESIAN_POINT ( 'NONE',  ( 1.200500000000025214, 0.05000000000000000278, -1.104000000000022075 ) ) ;
#267 = ADVANCED_FACE ( 'NONE', ( #2678 ), #2653, .T. ) ;
#268 = CARTESIAN_POINT ( 'NONE',  ( 1.149999999999999467, 0.8200000000000003952, -1.404999999999998472 ) ) ;
#269 = CARTESIAN_POINT ( 'NONE',  ( -0.9299999999999982725, 0.2300000000000000100, 1.625000000000000000 ) ) ;
#270 = LINE ( 'NONE', #1206, #359 ) ;
#271 = AXIS2_PLACEMENT_3D ( 'NONE', #1455, #373, #2594 ) ;
#272 = ADVANCED_FACE ( 'NONE', ( #2641 ), #2445, .F. ) ;
#273 = PRESENTATION_STYLE_ASSIGNMENT (( #3178 ) ) ;
#274 = LINE ( 'NONE', #1760, #1416 ) ;
#275 = DIRECTION ( 'NONE',  ( -0.000000000000000000, -1.000000000000000000, -0.000000000000000000 ) ) ;
#276 = AXIS2_PLACEMENT_3D ( 'NONE', #1762, #2808, #791 ) ;
#277 = DIRECTION ( 'NONE',  ( -1.000000000000000000, 0.000000000000000000, 0.000000000000000000 ) ) ;
#278 = DIRECTION ( 'NONE',  ( -0.000000000000000000, -1.000000000000000000, -0.000000000000000000 ) ) ;
#279 = EDGE_CURVE ( 'NONE', #2742, #2046, #2659, .T. ) ;
#280 = FACE_OUTER_BOUND ( 'NONE', #57, .T. ) ;
#281 = LINE ( 'NONE', #1038, #1413 ) ;
#282 =( NAMED_UNIT ( * ) SI_UNIT ( $, .STERADIAN. ) SOLID_ANGLE_UNIT ( ) );
#283 = CARTESIAN_POINT ( 'NONE',  ( 0.000000000000000000, 0.05000000000000000278, 0.7099999999999999645 ) ) ;
#284 = EDGE_CURVE ( 'NONE', #807, #1048, #1523, .T. ) ;
#285 = PLANE ( 'NONE',  #308 ) ;
#286 = CARTESIAN_POINT ( 'NONE',  ( -0.8899999999999999023, 1.080000000000000071, -1.364999999999999991 ) ) ;
#287 = COLOUR_RGB ( '',1.000000000000000000, 0.8117647058823529438, 0.5019607843137254832 ) ;
#288 = DIRECTION ( 'NONE',  ( 0.000000000000000000, 0.000000000000000000, -1.000000000000000000 ) ) ;
#289 = ADVANCED_FACE ( 'NONE', ( #2646 ), #1299, .T. ) ;
#290 = VECTOR ( 'NONE', #1578, 1000.000000000000000 ) ;
#291 = VECTOR ( 'NONE', #1970, 1000.000000000000000 ) ;
#292 = DIRECTION ( 'NONE',  ( -0.000000000000000000, -1.000000000000000000, 0.000000000000000000 ) ) ;
#293 = ADVANCED_FACE ( 'NONE', ( #477 ), #2416, .T. ) ;
#294 = VECTOR ( 'NONE', #1189, 1000.000000000000000 ) ;
#295 = CIRCLE ( 'NONE', #430, 0.06666666666666626329 ) ;
#296 = AXIS2_PLACEMENT_3D ( 'NONE', #562, #2616, #1429 ) ;
#297 = CARTESIAN_POINT ( 'NONE',  ( -1.149999999999999911, 0.8199999999999999512, 1.405000000000000027 ) ) ;
#298 = DIRECTION ( 'NONE',  ( -1.000000000000000000, 0.000000000000000000, 3.888173308223841438E-15 ) ) ;
#299 = DIRECTION ( 'NONE',  ( -2.252282450005703799E-15, 0.000000000000000000, -1.000000000000000000 ) ) ;
#300 = AXIS2_PLACEMENT_3D ( 'NONE', #1920, #1236, #1961 ) ;
#301 = VECTOR ( 'NONE', #511, 1000.000000000000000 ) ;
#302 = CIRCLE ( 'NONE', #2293, 0.5124999999999999556 ) ;
#303 = DIRECTION ( 'NONE',  ( -1.000000000000000000, 0.000000000000000000, -1.042502088928369672E-14 ) ) ;
#304 = CARTESIAN_POINT ( 'NONE',  ( 0.000000000000000000, 0.000000000000000000, 0.7099999999999999645 ) ) ;
#305 = DIRECTION ( 'NONE',  ( 0.000000000000000000, -1.000000000000000000, 0.000000000000000000 ) ) ;
#306 = CARTESIAN_POINT ( 'NONE',  ( -1.149999999999999911, 0.9723044737829952266, -1.405000000000000027 ) ) ;
#307 = VECTOR ( 'NONE', #3191, 1000.000000000000000 ) ;
#308 = AXIS2_PLACEMENT_3D ( 'NONE', #1362, #3045, #2282 ) ;
#309 = LINE ( 'NONE', #1818, #2510 ) ;
#310 = DIRECTION ( 'NONE',  ( 0.000000000000000000, -1.000000000000000000, 0.000000000000000000 ) ) ;
#311 = VECTOR ( 'NONE', #3235, 1000.000000000000000 ) ;
#312 =( NAMED_UNIT ( * ) SI_UNIT ( $, .STERADIAN. ) SOLID_ANGLE_UNIT ( ) );
#313 = DIRECTION ( 'NONE',  ( 1.000000000000000000, 0.000000000000000000, -3.888173308223841438E-15 ) ) ;
#314 = EDGE_CURVE ( 'NONE', #828, #1054, #480, .T. ) ;
#315 = ADVANCED_FACE ( 'NONE', ( #1580 ), #1396, .T. ) ;
#316 = CARTESIAN_POINT ( 'NONE',  ( 1.200500000000015888, 0.05000000000000000278, -1.251523757758524062E-14 ) ) ;
#317 = DIRECTION ( 'NONE',  ( -0.000000000000000000, -1.000000000000000000, -0.000000000000000000 ) ) ;
#318 = ADVANCED_FACE ( 'NONE', ( #2663 ), #394, .F. ) ;
#319 = DIRECTION ( 'NONE',  ( -1.000000000000000000, 0.000000000000000000, 0.000000000000000000 ) ) ;
#320 = DIRECTION ( 'NONE',  ( 0.000000000000000000, 0.000000000000000000, -1.000000000000000000 ) ) ;
#321 = FACE_OUTER_BOUND ( 'NONE', #2941, .T. ) ;
#322 = EDGE_CURVE ( 'NONE', #2973, #856, #581, .T. ) ;
#323 = DIRECTION ( 'NONE',  ( 0.000000000000000000, -1.000000000000000000, 0.000000000000000000 ) ) ;
#324 = CARTESIAN_POINT ( 'NONE',  ( 0.9289587250122495199, 0.8880573068030235273, 1.618231712579623283 ) ) ;
#325 = CARTESIAN_POINT ( 'NONE',  ( -0.8899999999999999023, 1.080000000000000071, 1.364999999999999991 ) ) ;
#326 = DIRECTION ( 'NONE',  ( 0.000000000000000000, -0.000000000000000000, 1.000000000000000000 ) ) ;
#327 = LINE ( 'NONE', #2490, #1359 ) ;
#328 = EDGE_CURVE ( 'NONE', #694, #3213, #1885, .T. ) ;
#329 = FACE_OUTER_BOUND ( 'NONE', #626, .T. ) ;
#330 = FILL_AREA_STYLE ('',( #1521 ) ) ;
#331 = AXIS2_PLACEMENT_3D ( 'NONE', #503, #1526, #3055 ) ;
#332 = SURFACE_STYLE_FILL_AREA ( #1016 ) ;
#333 = DIRECTION ( 'NONE',  ( -1.042502088928369515E-14, 0.000000000000000000, -1.000000000000000000 ) ) ;
#334 = AXIS2_PLACEMENT_3D ( 'NONE', #2765, #275, #3028 ) ;
#335 =( NAMED_UNIT ( * ) PLANE_ANGLE_UNIT ( ) SI_UNIT ( $, .RADIAN. ) );
#336 = ADVANCED_FACE ( 'NONE', ( #2756 ), #2777, .T. ) ;
#337 = DIRECTION ( 'NONE',  ( -0.000000000000000000, 1.000000000000000000, -0.000000000000000000 ) ) ;
#338 = CARTESIAN_POINT ( 'NONE',  ( -1.170689655172413968, 0.2817241379310346794, 1.405000000000005134 ) ) ;
#339 = CARTESIAN_POINT ( 'NONE',  ( -2.108586294075578256E-17, 0.05000000000000000278, -0.2820000000000428830 ) ) ;
#340 = PRESENTATION_STYLE_ASSIGNMENT (( #2750 ) ) ;
#341 = ADVANCED_FACE ( 'NONE', ( #2734 ), #529, .T. ) ;
#342 = DIRECTION ( 'NONE',  ( -0.000000000000000000, -1.000000000000000000, -0.000000000000000000 ) ) ;
#343 = CARTESIAN_POINT ( 'NONE',  ( 1.149994843143756995, 0.8840925111116830770, 1.624994843143754419 ) ) ;
#344 = CARTESIAN_POINT ( 'NONE',  ( -0.9297902809856744000, 1.079141223985623954, -1.404790280985676487 ) ) ;
#345 = LINE ( 'NONE', #2430, #2509 ) ;
#346 = CARTESIAN_POINT ( 'NONE',  ( 0.000000000000000000, 0.05000000000000000278, 0.7099999999999999645 ) ) ;
#347 = EDGE_CURVE ( 'NONE', #1769, #1070, #1717, .T. ) ;
#348 = VECTOR ( 'NONE', #3152, 1000.000000000000000 ) ;
#349 = DIRECTION ( 'NONE',  ( -0.000000000000000000, -1.000000000000000000, -0.000000000000000000 ) ) ;
#350 = FACE_OUTER_BOUND ( 'NONE', #3121, .T. ) ;
#351 = CARTESIAN_POINT ( 'NONE',  ( -0.4754999999999898197, 0.000000000000000000, -4.957097432854290938E-15 ) ) ;
#352 = EDGE_CURVE ( 'NONE', #1934, #3074, #655, .T. ) ;
#353 = VECTOR ( 'NONE', #516, 1000.000000000000000 ) ;
#354 =( NAMED_UNIT ( * ) SI_UNIT ( $, .STERADIAN. ) SOLID_ANGLE_UNIT ( ) );
#355 = DIRECTION ( 'NONE',  ( -1.000000000000000000, 0.000000000000000000, 0.000000000000000000 ) ) ;
#356 = CARTESIAN_POINT ( 'NONE',  ( -3.118314993195672637E-15, 2.348097038856279628, -0.8020000000000391260 ) ) ;
#357 = CARTESIAN_POINT ( 'NONE',  ( 1.200500000000025214, 2.348097038856279628, -1.104000000000022075 ) ) ;
#358 = DIRECTION ( 'NONE',  ( -1.000000000000000000, -0.000000000000000000, -0.000000000000000000 ) ) ;
#359 = VECTOR ( 'NONE', #639, 1000.000000000000000 ) ;
#360 = EDGE_CURVE ( 'NONE', #694, #707, #2805, .T. ) ;
#361 = ADVANCED_FACE ( 'NONE', ( #646 ), #1565, .T. ) ;
#362 = DIRECTION ( 'NONE',  ( -1.042502088928369515E-14, 0.000000000000000000, -1.000000000000000000 ) ) ;
#363 = DIRECTION ( 'NONE',  ( 1.042502088928369515E-14, 0.000000000000000000, 1.000000000000000000 ) ) ;
#364 = DIRECTION ( 'NONE',  ( 0.000000000000000000, 1.000000000000000000, 0.000000000000000000 ) ) ;
#365 = VECTOR ( 'NONE', #38, 1000.000000000000000 ) ;
#366 = DIRECTION ( 'NONE',  ( -0.000000000000000000, -1.000000000000000000, 0.000000000000000000 ) ) ;
#367 = EDGE_CURVE ( 'NONE', #2540, #1007, #1683, .T. ) ;
#368 = ORIENTED_EDGE ( 'NONE', *, *, #2180, .T. ) ;
#369 = DIRECTION ( 'NONE',  ( 1.000000000000000000, 0.000000000000000000, 0.000000000000000000 ) ) ;
#370 = EDGE_LOOP ( 'NONE', ( #862, #2148, #898, #927 ) ) ;
#371 =( GEOMETRIC_REPRESENTATION_CONTEXT ( 3 ) GLOBAL_UNCERTAINTY_ASSIGNED_CONTEXT ( ( #168 ) ) GLOBAL_UNIT_ASSIGNED_CONTEXT ( ( #3050, #58, #479 ) ) REPRESENTATION_CONTEXT ( 'NONE', 'WORKASPACE' ) );
#372 = DIRECTION ( 'NONE',  ( 0.000000000000000000, 0.000000000000000000, -1.000000000000000000 ) ) ;
#373 = DIRECTION ( 'NONE',  ( 0.000000000000000000, -1.000000000000000000, 0.000000000000000000 ) ) ;
#374 = CARTESIAN_POINT ( 'NONE',  ( 0.9299999999999966072, 0.3300000000000001266, 1.691666666666666208 ) ) ;
#375 = CARTESIAN_POINT ( 'NONE',  ( 2.108586294075512928E-17, 0.000000000000000000, -0.2820000000000342233 ) ) ;
#376 = DIRECTION ( 'NONE',  ( -1.000000000000000000, 0.000000000000000000, 0.000000000000000000 ) ) ;
#377 = ORIENTED_EDGE ( 'NONE', *, *, #1493, .F. ) ;
#378 = AXIS2_PLACEMENT_3D ( 'NONE', #2113, #527, #299 ) ;
#379 = DIRECTION ( 'NONE',  ( -0.000000000000000000, -0.000000000000000000, 1.000000000000000000 ) ) ;
#380 = CARTESIAN_POINT ( 'NONE',  ( -0.4754999999999783289, 0.05000000000000000278, -1.104000000000037174 ) ) ;
#381 = FACE_OUTER_BOUND ( 'NONE', #686, .T. ) ;
#382 = ADVANCED_FACE ( 'NONE', ( #1640 ), #2774, .T. ) ;
#383 = CARTESIAN_POINT ( 'NONE',  ( 1.200500000000019662, 2.348097038856279628, -1.624000000000022093 ) ) ;
#384 = EDGE_CURVE ( 'NONE', #2109, #1893, #1723, .T. ) ;
#385 = ORIENTED_EDGE ( 'NONE', *, *, #2467, .T. ) ;
#386 = PLANE ( 'NONE',  #2748 ) ;
#387 = CARTESIAN_POINT ( 'NONE',  ( -2.108586294075578256E-17, 0.05000000000000012768, -0.2820000000000428830 ) ) ;
#388 = EDGE_CURVE ( 'NONE', #2944, #712, #2727, .T. ) ;
#389 = CYLINDRICAL_SURFACE ( 'NONE', #1812, 0.1625000000000000056 ) ;
#390 = DIRECTION ( 'NONE',  ( 0.000000000000000000, 0.000000000000000000, -1.000000000000000000 ) ) ;
#391 = CARTESIAN_POINT ( 'NONE',  ( 1.200500000000036538, 2.348097038856279628, -1.251523757758545834E-14 ) ) ;
#392 = CARTESIAN_POINT ( 'NONE',  ( -0.9299999999999982725, 0.3300000000000004041, 1.625000000000000000 ) ) ;
#393 = EDGE_CURVE ( 'NONE', #637, #714, #2746, .T. ) ;
#394 = PLANE ( 'NONE',  #1751 ) ;
#395 = VECTOR ( 'NONE', #501, 1000.000000000000000 ) ;
#396 = EDGE_CURVE ( 'NONE', #3049, #2190, #640, .T. ) ;
#397 = DIRECTION ( 'NONE',  ( 0.000000000000000000, 0.000000000000000000, -1.000000000000000000 ) ) ;
#398 = CARTESIAN_POINT ( 'NONE',  ( -0.6250000000000004441, 1.080000000000000071, -1.200000000000000178 ) ) ;
#399 = VERTEX_POINT ( 'NONE', #824 ) ;
#400 = CARTESIAN_POINT ( 'NONE',  ( -0.4754999999999898197, 2.348097038856279628, -4.957097432854290938E-15 ) ) ;
#401 = CLOSED_SHELL ( 'NONE', ( #361, #1482, #49, #293, #695, #1686 ) ) ;
#402 = DIRECTION ( 'NONE',  ( 0.000000000000000000, -1.000000000000000000, 0.000000000000000000 ) ) ;
#403 = AXIS2_PLACEMENT_3D ( 'NONE', #158, #1928, #2443 ) ;
#404 = EDGE_LOOP ( 'NONE', ( #2566, #2985 ) ) ;
#405 = DIRECTION ( 'NONE',  ( 0.000000000000000000, 0.000000000000000000, -1.000000000000000000 ) ) ;
#406 = DIRECTION ( 'NONE',  ( 0.000000000000000000, 0.000000000000000000, 1.000000000000000000 ) ) ;
#407 = AXIS2_PLACEMENT_3D ( 'NONE', #1582, #2612, #169 ) ;
#408 = EDGE_LOOP ( 'NONE', ( #3078, #1847, #2053, #992 ) ) ;
#409 = EDGE_CURVE ( 'NONE', #2349, #2197, #1630, .T. ) ;
#410 = CARTESIAN_POINT ( 'NONE',  ( 0.9299999999999967182, 0.2600000000000000644, 1.625000000000000000 ) ) ;
#411 = CARTESIAN_POINT ( 'NONE',  ( -1.149999999999999911, 0.2600000000000000644, 0.000000000000000000 ) ) ;
#412 = LINE ( 'NONE', #2271, #395 ) ;
#413 = FACE_OUTER_BOUND ( 'NONE', #1102, .T. ) ;
#414 = EDGE_CURVE ( 'NONE', #1819, #909, #1644, .T. ) ;
#415 = ADVANCED_FACE ( 'NONE', ( #1618 ), #1796, .F. ) ;
#416 = FILL_AREA_STYLE ('',( #113 ) ) ;
#417 = EDGE_CURVE ( 'NONE', #1761, #3093, #663, .T. ) ;
#418 = CARTESIAN_POINT ( 'NONE',  ( -1.200500000000000123, 0.000000000000000000, -1.251523757758507811E-14 ) ) ;
#419 = CARTESIAN_POINT ( 'NONE',  ( -1.200499999999972811, 0.000000000000000000, -1.624000000000037414 ) ) ;
#420 = CARTESIAN_POINT ( 'NONE',  ( -0.9289587250122498530, 0.8880573068030235273, -1.618231712579623283 ) ) ;
#421 = LINE ( 'NONE', #2769, #2618 ) ;
#422 = EDGE_CURVE ( 'NONE', #1978, #2058, #2722, .T. ) ;
#423 = DIRECTION ( 'NONE',  ( -2.939855890778051341E-14, 0.000000000000000000, 1.000000000000000000 ) ) ;
#424 = PLANE ( 'NONE',  #1911 ) ;
#425 = VERTEX_POINT ( 'NONE', #338 ) ;
#426 = AXIS2_PLACEMENT_3D ( 'NONE', #829, #2560, #1533 ) ;
#427 = DIRECTION ( 'NONE',  ( -1.000000000000000000, 0.000000000000000000, -7.228014483236677820E-15 ) ) ;
#428 = DIRECTION ( 'NONE',  ( 0.000000000000000000, -0.000000000000000000, -1.000000000000000000 ) ) ;
#429 = ORIENTED_EDGE ( 'NONE', *, *, #2654, .F. ) ;
#430 = AXIS2_PLACEMENT_3D ( 'NONE', #2620, #1676, #2917 ) ;
#431 = CARTESIAN_POINT ( 'NONE',  ( 9.950255243072245579E-17, 0.000000000000000000, 1.522499999999999964 ) ) ;
#432 = CARTESIAN_POINT ( 'NONE',  ( 0.000000000000000000, 0.05000000000000000278, 0.000000000000000000 ) ) ;
#433 = CYLINDRICAL_SURFACE ( 'NONE', #3011, 0.03000000000000007869 ) ;
#434 = CARTESIAN_POINT ( 'NONE',  ( 0.4755000000000250693, 2.348097038856279628, -1.104000000000022075 ) ) ;
#435 = MECHANICAL_DESIGN_GEOMETRIC_PRESENTATION_REPRESENTATION (  '', ( #1239 ), #910 ) ;
#436 = PLANE ( 'NONE',  #239 ) ;
#437 = LINE ( 'NONE', #2279, #2593 ) ;
#438 = EDGE_CURVE ( 'NONE', #909, #1906, #2823, .T. ) ;
#439 = DIRECTION ( 'NONE',  ( 1.000000000000000000, 0.000000000000000000, -1.211315530639012344E-14 ) ) ;
#440 = DIRECTION ( 'NONE',  ( 0.000000000000000000, -1.000000000000000000, 0.000000000000000000 ) ) ;
#441 = PLANE ( 'NONE',  #3194 ) ;
#442 = CYLINDRICAL_SURFACE ( 'NONE', #3042, 0.03000000000000007869 ) ;
#443 = EDGE_CURVE ( 'NONE', #1172, #1010, #575, .T. ) ;
#444 = CARTESIAN_POINT ( 'NONE',  ( -1.200499999999972811, 0.05000000000000012768, -1.624000000000037414 ) ) ;
#445 = CARTESIAN_POINT ( 'NONE',  ( 1.216666666666665897, 0.3300000000000001266, -1.404999999999996918 ) ) ;
#446 = VECTOR ( 'NONE', #1913, 1000.000000000000000 ) ;
#447 = DIRECTION ( 'NONE',  ( 0.000000000000000000, -0.000000000000000000, -1.000000000000000000 ) ) ;
#448 = DIRECTION ( 'NONE',  ( 0.000000000000000000, 1.000000000000000000, 0.000000000000000000 ) ) ;
#449 = DIRECTION ( 'NONE',  ( 1.000000000000000000, 0.000000000000000000, 0.000000000000000000 ) ) ;
#450 = ADVANCED_FACE ( 'NONE', ( #556 ), #2730, .T. ) ;
#451 = AXIS2_PLACEMENT_3D ( 'NONE', #536, #197, #2093 ) ;
#452 = CARTESIAN_POINT ( 'NONE',  ( 1.200500000000019662, 0.05000000000000000278, -1.624000000000022093 ) ) ;
#453 = CARTESIAN_POINT ( 'NONE',  ( -0.4754999999999972027, 0.05000000000000000278, -0.2820000000000342788 ) ) ;
#454 = LINE ( 'NONE', #1758, #458 ) ;
#455 = AXIS2_PLACEMENT_3D ( 'NONE', #2201, #2176, #966 ) ;
#456 = CARTESIAN_POINT ( 'NONE',  ( -0.6250000000000004441, 0.9799999999999999822, -1.000000000000000000 ) ) ;
#457 = DIRECTION ( 'NONE',  ( 0.000000000000000000, 0.000000000000000000, 1.000000000000000000 ) ) ;
#458 = VECTOR ( 'NONE', #2294, 1000.000000000000000 ) ;
#459 = CARTESIAN_POINT ( 'NONE',  ( -0.9299999999999997158, 0.2600000000000000644, 1.655000000000000027 ) ) ;
#460 = AXIS2_PLACEMENT_3D ( 'NONE', #1249, #1975, #2252 ) ;
#461 = COLOUR_RGB ( '',1.000000000000000000, 0.8117647058823529438, 0.5019607843137254832 ) ;
#462 = DIRECTION ( 'NONE',  ( -1.000000000000000000, 0.000000000000000000, 1.211315530639012186E-14 ) ) ;
#463 = CARTESIAN_POINT ( 'NONE',  ( -1.149999999999999911, 0.3300000000000004041, -1.404999999999998472 ) ) ;
#464 = DIRECTION ( 'NONE',  ( -0.000000000000000000, -1.000000000000000000, 0.000000000000000000 ) ) ;
#465 = EDGE_CURVE ( 'NONE', #2913, #2213, #1612, .T. ) ;
#466 = DIRECTION ( 'NONE',  ( -0.000000000000000000, -0.000000000000000000, 1.000000000000000000 ) ) ;
#467 = EDGE_CURVE ( 'NONE', #1004, #902, #1654, .T. ) ;
#468 = ADVANCED_FACE ( 'NONE', ( #1623 ), #625, .F. ) ;
#469 = DIRECTION ( 'NONE',  ( 1.000000000000000000, 0.000000000000000000, 0.000000000000000000 ) ) ;
#470 = ADVANCED_FACE ( 'NONE', ( #609 ), #619, .T. ) ;
#471 = AXIS2_PLACEMENT_3D ( 'NONE', #984, #961, #1668 ) ;
#472 = CARTESIAN_POINT ( 'NONE',  ( -1.149999999999999911, 0.2600000000000000644, 1.405000000000005134 ) ) ;
#473 = DIRECTION ( 'NONE',  ( -1.000000000000000000, 0.000000000000000000, -1.042502088928369515E-14 ) ) ;
#474 = PRESENTATION_LAYER_ASSIGNMENT (  '', '', ( #2153 ) ) ;
#475 = DIRECTION ( 'NONE',  ( -1.000000000000000000, -0.000000000000000000, -0.000000000000000000 ) ) ;
#476 = DIRECTION ( 'NONE',  ( 0.000000000000000000, -1.000000000000000000, 0.000000000000000000 ) ) ;
#477 = FACE_OUTER_BOUND ( 'NONE', #1824, .T. ) ;
#478 = AXIS2_PLACEMENT_3D ( 'NONE', #1310, #1505, #498 ) ;
#479 =( NAMED_UNIT ( * ) SI_UNIT ( $, .STERADIAN. ) SOLID_ANGLE_UNIT ( ) );
#480 = LINE ( 'NONE', #2873, #496 ) ;
#481 = AXIS2_PLACEMENT_3D ( 'NONE', #400, #153, #3162 ) ;
#482 = SURFACE_STYLE_USAGE ( .BOTH. , #2075 ) ;
#483 = CARTESIAN_POINT ( 'NONE',  ( -0.9299999795509150680, 0.8540379109755187326, 1.625000000000000000 ) ) ;
#484 = DIRECTION ( 'NONE',  ( -1.000000000000000000, -0.000000000000000000, -0.000000000000000000 ) ) ;
#485 = EDGE_CURVE ( 'NONE', #399, #2323, #2794, .T. ) ;
#486 = CARTESIAN_POINT ( 'NONE',  ( -1.200499999999978362, 0.05000000000000012768, -1.104000000000037174 ) ) ;
#487 = DIRECTION ( 'NONE',  ( -1.000000000000000000, 0.000000000000000000, 0.000000000000000000 ) ) ;
#488 = LINE ( 'NONE', #1109, #1530 ) ;
#489 = CARTESIAN_POINT ( 'NONE',  ( -0.9300000000000000488, 0.3300000000000001266, -1.405000000000000027 ) ) ;
#490 = DIRECTION ( 'NONE',  ( 1.000000000000000000, 0.000000000000000000, 0.000000000000000000 ) ) ;
#491 = CARTESIAN_POINT ( 'NONE',  ( 1.149999999999999467, 0.2300000000000000100, 1.404999999999998250 ) ) ;
#492 = EDGE_CURVE ( 'NONE', #812, #73, #549, .T. ) ;
#493 = PLANE ( 'NONE',  #2204 ) ;
#494 = DIRECTION ( 'NONE',  ( -0.000000000000000000, -1.000000000000000000, -0.000000000000000000 ) ) ;
#495 = VECTOR ( 'NONE', #484, 1000.000000000000000 ) ;
#496 = VECTOR ( 'NONE', #1895, 1000.000000000000000 ) ;
#497 = EDGE_CURVE ( 'NONE', #61, #2140, #1696, .T. ) ;
#498 = DIRECTION ( 'NONE',  ( -1.000000000000000000, 0.000000000000000000, 0.000000000000000000 ) ) ;
#499 = FACE_OUTER_BOUND ( 'NONE', #3166, .T. ) ;
#500 = LINE ( 'NONE', #1210, #1537 ) ;
#501 = DIRECTION ( 'NONE',  ( -0.000000000000000000, 1.000000000000000000, -0.000000000000000000 ) ) ;
#502 = AXIS2_PLACEMENT_3D ( 'NONE', #1519, #464, #1535 ) ;
#503 = CARTESIAN_POINT ( 'NONE',  ( 0.000000000000000000, 0.000000000000000000, 0.000000000000000000 ) ) ;
#504 = COLOUR_RGB ( '',1.000000000000000000, 0.8117647058823529438, 0.5019607843137254832 ) ;
#505 = DIRECTION ( 'NONE',  ( -1.000000000000000000, 0.000000000000000000, 1.042502088928369672E-14 ) ) ;
#506 = DIRECTION ( 'NONE',  ( 0.000000000000000000, 0.000000000000000000, 1.000000000000000000 ) ) ;
#507 = CARTESIAN_POINT ( 'NONE',  ( 0.9299999999999996048, 0.8199999999999999512, 1.405000000000000027 ) ) ;
#508 = CIRCLE ( 'NONE', #2433, 0.03000000000000007869 ) ;
#509 = VECTOR ( 'NONE', #2697, 1000.000000000000000 ) ;
#510 = CARTESIAN_POINT ( 'NONE',  ( -0.9299999999999984945, 0.3300000000000004041, -1.625000000000000000 ) ) ;
#511 = DIRECTION ( 'NONE',  ( 1.000000000000000000, 0.000000000000000000, 0.000000000000000000 ) ) ;
#512 = CARTESIAN_POINT ( 'NONE',  ( 0.9101444873642250410, 1.047185192899471540, 1.495939167867463837 ) ) ;
#513 = DIRECTION ( 'NONE',  ( 0.000000000000000000, 0.000000000000000000, 1.000000000000000000 ) ) ;
#514 = AXIS2_PLACEMENT_3D ( 'NONE', #688, #983, #2238 ) ;
#515 = CIRCLE ( 'NONE', #271, 0.1625000000000000056 ) ;
#516 = DIRECTION ( 'NONE',  ( -0.000000000000000000, -0.000000000000000000, 1.000000000000000000 ) ) ;
#517 = ADVANCED_FACE ( 'NONE', ( #2741 ), #585, .F. ) ;
#518 = ADVANCED_FACE ( 'NONE', ( #541 ), #2145, .F. ) ;
#519 = CARTESIAN_POINT ( 'NONE',  ( -1.149999999999999911, 0.2600000000000000644, 0.000000000000000000 ) ) ;
#520 = VECTOR ( 'NONE', #475, 1000.000000000000000 ) ;
#521 = AXIS2_PLACEMENT_3D ( 'NONE', #2528, #2753, #2114 ) ;
#522 = LINE ( 'NONE', #2009, #509 ) ;
#523 = CARTESIAN_POINT ( 'NONE',  ( 0.4755000000000129123, 0.05000000000000012768, -0.2820000000000429385 ) ) ;
#524 = CARTESIAN_POINT ( 'NONE',  ( -1.149999999999999911, 0.2600000000000000644, 1.404999999999997140 ) ) ;
#525 = CARTESIAN_POINT ( 'NONE',  ( 0.000000000000000000, 0.05000000000000000278, 0.1974999999999999811 ) ) ;
#526 = EDGE_CURVE ( 'NONE', #1191, #1223, #569, .T. ) ;
#527 = DIRECTION ( 'NONE',  ( -0.000000000000000000, -1.000000000000000000, 0.000000000000000000 ) ) ;
#528 = CARTESIAN_POINT ( 'NONE',  ( -1.216666666666666341, 0.3300000000000001266, 0.000000000000000000 ) ) ;
#529 = PLANE ( 'NONE',  #813 ) ;
#530 = FACE_OUTER_BOUND ( 'NONE', #1235, .T. ) ;
#531 = VECTOR ( 'NONE', #1377, 1000.000000000000000 ) ;
#532 = EDGE_CURVE ( 'NONE', #637, #1906, #2788, .T. ) ;
#533 = DIRECTION ( 'NONE',  ( -0.000000000000000000, -0.000000000000000000, 1.000000000000000000 ) ) ;
#534 = CARTESIAN_POINT ( 'NONE',  ( 1.131246803533018319, 0.9411264547274751369, 1.606246803533018852 ) ) ;
#535 = CARTESIAN_POINT ( 'NONE',  ( -1.200499999999972811, 0.000000000000000000, -1.624000000000037414 ) ) ;
#536 = CARTESIAN_POINT ( 'NONE',  ( 0.8899999999999995692, 0.8199999999999999512, 0.000000000000000000 ) ) ;
#537 = CARTESIAN_POINT ( 'NONE',  ( -1.180000000000000160, 0.2600000000000000644, 0.000000000000000000 ) ) ;
#538 = VECTOR ( 'NONE', #151, 1000.000000000000000 ) ;
#539 = DIRECTION ( 'NONE',  ( 0.000000000000000000, 0.000000000000000000, -1.000000000000000000 ) ) ;
#540 = VECTOR ( 'NONE', #2020, 1000.000000000000000 ) ;
#541 = FACE_OUTER_BOUND ( 'NONE', #1811, .T. ) ;
#542 = ORIENTED_EDGE ( 'NONE', *, *, #727, .T. ) ;
#543 =( BOUNDED_SURFACE ( )  B_SPLINE_SURFACE ( 3, 2, ( 
 ( #3126, #1639, #1164 ),
 ( #1393, #2413, #2639 ),
 ( #3201, #224, #420 ),
 ( #3240, #651, #954 ),
 ( #2652, #2258, #3222 ),
 ( #238, #2784, #2737 ),
 ( #1501, #1322, #1340 ),
 ( #1486, #344, #127 ),
 ( #1292, #1044, #2305 ),
 ( #2549, #76, #857 ) ),
 .UNSPECIFIED., .F., .F., .F. ) 
 B_SPLINE_SURFACE_WITH_KNOTS ( ( 4, 2, 2, 2, 4 ),
 ( 3, 3 ),
 ( 6.283185307179586232, 6.675884388878310816, 7.068583470577034511, 7.461282552275758206, 7.853981633974482790 ),
 ( 0.000000000000000000, 1.000000000000000000 ),
 .UNSPECIFIED. ) 
 GEOMETRIC_REPRESENTATION_ITEM ( )  RATIONAL_B_SPLINE_SURFACE ( (
 ( 1.000000000000000000, 0.7071067811865476838, 1.000000000000000000),
 ( 1.000000000000000000, 0.7066641704626808185, 1.000000000000000000),
 ( 1.000000000000000000, 0.7265671660862571546, 1.000000000000000000),
 ( 1.000000000000000000, 0.7876630736109465625, 1.000000000000000000),
 ( 1.000000000000000000, 0.8282475386265257811, 1.000000000000000000),
 ( 1.000000000000000000, 0.9038032689423507460, 1.000000000000000000),
 ( 1.000000000000000000, 0.9386593608469910865, 1.000000000000000000),
 ( 1.000000000000000000, 0.9867254789153212524, 1.000000000000000000),
 ( 1.000000000000000000, 1.000161367428748838, 1.000000000000000000),
 ( 1.000000000000000000, 1.000000000000000000, 1.000000000000000000) ) ) 
 REPRESENTATION_ITEM ( '' )  SURFACE ( )  );
#544 = EDGE_CURVE ( 'NONE', #2066, #3137, #565, .T. ) ;
#545 = FACE_OUTER_BOUND ( 'NONE', #3018, .T. ) ;
#546 = DIRECTION ( 'NONE',  ( 0.000000000000000000, 0.000000000000000000, -1.000000000000000000 ) ) ;
#547 = DIRECTION ( 'NONE',  ( 0.000000000000000000, 0.000000000000000000, 1.000000000000000000 ) ) ;
#548 = DIRECTION ( 'NONE',  ( 3.888173308223841438E-15, 0.000000000000000000, 1.000000000000000000 ) ) ;
#549 = LINE ( 'NONE', #860, #2779 ) ;
#550 = VERTEX_POINT ( 'NONE', #1201 ) ;
#551 = STYLED_ITEM ( 'NONE', ( #995 ), #2319 ) ;
#552 = DIRECTION ( 'NONE',  ( -1.000000000000000000, 0.000000000000000000, -0.000000000000000000 ) ) ;
#553 = CARTESIAN_POINT ( 'NONE',  ( -1.325000000000000400, 0.000000000000000000, -1.750000000000000000 ) ) ;
#554 = PRODUCT_DEFINITION_FORMATION_WITH_SPECIFIED_SOURCE ( 'ANY', '', #1278, .NOT_KNOWN. ) ;
#555 = LINE ( 'NONE', #1891, #572 ) ;
#556 = FACE_OUTER_BOUND ( 'NONE', #2940, .T. ) ;
#557 = EDGE_LOOP ( 'NONE', ( #588, #582, #2249, #702 ) ) ;
#558 = MECHANICAL_DESIGN_GEOMETRIC_PRESENTATION_REPRESENTATION (  '', ( #1946 ), #2963 ) ;
#559 = PLANE ( 'NONE',  #1367 ) ;
#560 = CARTESIAN_POINT ( 'NONE',  ( 1.117185644326245786, 0.9509380780268221756, 1.399951637588653375 ) ) ;
#561 = SURFACE_SIDE_STYLE ('',( #1775 ) ) ;
#562 = CARTESIAN_POINT ( 'NONE',  ( 0.000000000000000000, 0.05000000000000012768, 0.7099999999999999645 ) ) ;
#563 = CARTESIAN_POINT ( 'NONE',  ( -0.8899999999999999023, 1.080000000000000071, 1.364999999999999991 ) ) ;
#564 = VECTOR ( 'NONE', #2772, 1000.000000000000000 ) ;
#565 = LINE ( 'NONE', #1904, #591 ) ;
#566 = ORIENTED_EDGE ( 'NONE', *, *, #360, .T. ) ;
#567 = AXIS2_PLACEMENT_3D ( 'NONE', #2884, #177, #925 ) ;
#568 = LINE ( 'NONE', #142, #1642 ) ;
#569 = CIRCLE ( 'NONE', #1693, 0.03000000000000007869 ) ;
#570 = EDGE_LOOP ( 'NONE', ( #2229, #2154, #2883, #3175 ) ) ;
#571 = EDGE_CURVE ( 'NONE', #1156, #993, #1660, .T. ) ;
#572 = VECTOR ( 'NONE', #2669, 1000.000000000000000 ) ;
#573 = CARTESIAN_POINT ( 'NONE',  ( 0.8899999999999994582, 1.080000000000000071, -1.364999999999999991 ) ) ;
#574 = DIRECTION ( 'NONE',  ( 1.000000000000000000, -0.000000000000000000, 0.000000000000000000 ) ) ;
#575 = LINE ( 'NONE', #375, #531 ) ;
#576 = ORIENTED_EDGE ( 'NONE', *, *, #465, .T. ) ;
#577 = CARTESIAN_POINT ( 'NONE',  ( 0.000000000000000000, 0.05000000000000000278, -0.1025000000000001604 ) ) ;
#578 = CARTESIAN_POINT ( 'NONE',  ( 0.4755000000000129123, 2.348097038856279628, -0.2820000000000429385 ) ) ;
#579 = DIRECTION ( 'NONE',  ( -1.000000000000000000, 0.000000000000000000, 1.042502088928369515E-14 ) ) ;
#580 = FACE_OUTER_BOUND ( 'NONE', #852, .T. ) ;
#581 = LINE ( 'NONE', #899, #2716 ) ;
#582 = ORIENTED_EDGE ( 'NONE', *, *, #2739, .F. ) ;
#583 = CARTESIAN_POINT ( 'NONE',  ( 1.200500000000015888, 0.000000000000000000, -1.251523757758524062E-14 ) ) ;
#584 = CARTESIAN_POINT ( 'NONE',  ( -0.9299999999999984945, 0.8200000000000003952, -1.625000000000000000 ) ) ;
#585 = PLANE ( 'NONE',  #567 ) ;
#586 = LINE ( 'NONE', #2629, #538 ) ;
#587 = EDGE_CURVE ( 'NONE', #2717, #964, #1665, .T. ) ;
#588 = ORIENTED_EDGE ( 'NONE', *, *, #1702, .T. ) ;
#589 = LINE ( 'NONE', #1428, #2763 ) ;
#590 = CARTESIAN_POINT ( 'NONE',  ( -1.149999999999999911, 0.9723044737829952266, 1.405000000000000027 ) ) ;
#591 = VECTOR ( 'NONE', #2582, 1000.000000000000000 ) ;
#592 = ORIENTED_EDGE ( 'NONE', *, *, #2001, .F. ) ;
#593 = CARTESIAN_POINT ( 'NONE',  ( 0.000000000000000000, 0.8199999999999999512, -1.364999999999999991 ) ) ;
#594 = CIRCLE ( 'NONE', #1940, 0.1000000000000000472 ) ;
#595 = MECHANICAL_DESIGN_GEOMETRIC_PRESENTATION_REPRESENTATION (  '', ( #1300 ), #2581 ) ;
#596 = ADVANCED_FACE ( 'NONE', ( #634 ), #2894, .F. ) ;
#597 = DIRECTION ( 'NONE',  ( 0.000000000000000000, -1.000000000000000000, 0.000000000000000000 ) ) ;
#598 = DIRECTION ( 'NONE',  ( 0.000000000000000000, -1.000000000000000000, 0.000000000000000000 ) ) ;
#599 = EDGE_LOOP ( 'NONE', ( #2953, #918, #874, #736 ) ) ;
#600 = DIRECTION ( 'NONE',  ( 0.000000000000000000, -1.000000000000000000, 0.000000000000000000 ) ) ;
#601 = LINE ( 'NONE', #1938, #2208 ) ;
#602 = CARTESIAN_POINT ( 'NONE',  ( 1.324999999999999512, 0.2300000000000000100, 1.750000000000000000 ) ) ;
#603 = CIRCLE ( 'NONE', #1608, 0.1000000000000000472 ) ;
#604 = VECTOR ( 'NONE', #319, 1000.000000000000000 ) ;
#605 = ORIENTED_EDGE ( 'NONE', *, *, #360, .F. ) ;
#606 = DIRECTION ( 'NONE',  ( 0.000000000000000000, -1.000000000000000000, 0.000000000000000000 ) ) ;
#607 = DIRECTION ( 'NONE',  ( -1.000000000000000000, 0.000000000000000000, 0.000000000000000000 ) ) ;
#608 = CIRCLE ( 'NONE', #1685, 0.5124999999999999556 ) ;
#609 = FACE_OUTER_BOUND ( 'NONE', #1809, .T. ) ;
#610 = VERTEX_POINT ( 'NONE', #563 ) ;
#611 = EDGE_CURVE ( 'NONE', #756, #2934, #2870, .T. ) ;
#612 = LINE ( 'NONE', #3003, #2665 ) ;
#613 = CARTESIAN_POINT ( 'NONE',  ( 1.200500000000012779, 2.348097038856279628, -0.2820000000000429941 ) ) ;
#614 = VECTOR ( 'NONE', #897, 1000.000000000000000 ) ;
#615 = VERTEX_POINT ( 'NONE', #1588 ) ;
#616 = LINE ( 'NONE', #2408, #1753 ) ;
#617 = LINE ( 'NONE', #1422, #1832 ) ;
#618 = CARTESIAN_POINT ( 'NONE',  ( 0.9299999999999964961, 0.2817241379310346794, 1.645689655172413834 ) ) ;
#619 = TOROIDAL_SURFACE ( 'NONE', #1204, 0.2199999999999999178, 0.03000000000000012726 ) ;
#620 = ORIENTED_EDGE ( 'NONE', *, *, #2674, .F. ) ;
#621 =( LENGTH_UNIT ( ) NAMED_UNIT ( * ) SI_UNIT ( .MILLI., .METRE. ) );
#622 = EDGE_CURVE ( 'NONE', #2742, #807, #1766, .T. ) ;
#623 = ORIENTED_EDGE ( 'NONE', *, *, #3052, .F. ) ;
#624 = LINE ( 'NONE', #23, #811 ) ;
#625 = CYLINDRICAL_SURFACE ( 'NONE', #245, 0.06666666666666626329 ) ;
#626 = EDGE_LOOP ( 'NONE', ( #764, #91, #170, #1888 ) ) ;
#627 = ORIENTED_EDGE ( 'NONE', *, *, #1993, .F. ) ;
#628 = AXIS2_PLACEMENT_3D ( 'NONE', #391, #2590, #1560 ) ;
#629 = CARTESIAN_POINT ( 'NONE',  ( -9.714750555725226095E-15, 0.000000000000000000, -0.8020000000000285789 ) ) ;
#630 = DIRECTION ( 'NONE',  ( 1.000000000000000000, 0.000000000000000000, 7.392287539673896450E-15 ) ) ;
#631 = ORIENTED_EDGE ( 'NONE', *, *, #24, .F. ) ;
#632 = DIRECTION ( 'NONE',  ( -1.000000000000000000, 0.000000000000000000, 0.000000000000000000 ) ) ;
#633 = CIRCLE ( 'NONE', #514, 0.2199999999999999178 ) ;
#634 = FACE_OUTER_BOUND ( 'NONE', #3019, .T. ) ;
#635 = ORIENTED_EDGE ( 'NONE', *, *, #1224, .T. ) ;
#636 = ORIENTED_EDGE ( 'NONE', *, *, #2338, .T. ) ;
#637 = VERTEX_POINT ( 'NONE', #3038 ) ;
#638 = LINE ( 'NONE', #2484, #2886 ) ;
#639 = DIRECTION ( 'NONE',  ( 0.000000000000000000, -0.000000000000000000, -1.000000000000000000 ) ) ;
#640 = CIRCLE ( 'NONE', #2529, 0.1000000000000000472 ) ;
#641 = ORIENTED_EDGE ( 'NONE', *, *, #328, .F. ) ;
#642 = AXIS2_PLACEMENT_3D ( 'NONE', #1667, #3227, #183 ) ;
#643 = ORIENTED_EDGE ( 'NONE', *, *, #72, .F. ) ;
#644 = ORIENTED_EDGE ( 'NONE', *, *, #1669, .F. ) ;
#645 = DIRECTION ( 'NONE',  ( 0.000000000000000000, -1.000000000000000000, 0.000000000000000000 ) ) ;
#646 = FACE_OUTER_BOUND ( 'NONE', #1926, .T. ) ;
#647 = ORIENTED_EDGE ( 'NONE', *, *, #200, .F. ) ;
#648 = MANIFOLD_SOLID_BREP ( 'Boss-Extrude4[5]', #1184 ) ;
#649 = FILL_AREA_STYLE_COLOUR ( '', #2440 ) ;
#650 = ORIENTED_EDGE ( 'NONE', *, *, #3052, .T. ) ;
#651 = CARTESIAN_POINT ( 'NONE',  ( -1.079337930772948928, 1.020047581263014980, -1.554337930772949017 ) ) ;
#652 = AXIS2_PLACEMENT_3D ( 'NONE', #2098, #2372, #1538 ) ;
#653 = ORIENTED_EDGE ( 'NONE', *, *, #417, .F. ) ;
#654 = VECTOR ( 'NONE', #3135, 1000.000000000000000 ) ;
#655 = CIRCLE ( 'NONE', #60, 0.06666666666666626329 ) ;
#656 = ORIENTED_EDGE ( 'NONE', *, *, #1345, .F. ) ;
#657 = VERTEX_POINT ( 'NONE', #2083 ) ;
#658 = CARTESIAN_POINT ( 'NONE',  ( 0.000000000000000000, 0.05000000000000000278, 0.000000000000000000 ) ) ;
#659 = EDGE_CURVE ( 'NONE', #615, #1744, #1823, .T. ) ;
#660 = VERTEX_POINT ( 'NONE', #2776 ) ;
#661 = CARTESIAN_POINT ( 'NONE',  ( -9.714750555725226095E-15, 0.05000000000000000278, -0.8020000000000285789 ) ) ;
#662 = CARTESIAN_POINT ( 'NONE',  ( -2.108586294075578256E-17, 0.000000000000000000, -0.2820000000000428830 ) ) ;
#663 = CIRCLE ( 'NONE', #1953, 0.8125000000000001110 ) ;
#664 = ORIENTED_EDGE ( 'NONE', *, *, #770, .F. ) ;
#665 = CARTESIAN_POINT ( 'NONE',  ( -1.200499999999997236, 0.05000000000000000278, -0.2820000000000343343 ) ) ;
#666 = ORIENTED_EDGE ( 'NONE', *, *, #611, .F. ) ;
#667 = ORIENTED_EDGE ( 'NONE', *, *, #2318, .T. ) ;
#668 = EDGE_CURVE ( 'NONE', #2904, #888, #788, .T. ) ;
#669 = VECTOR ( 'NONE', #440, 1000.000000000000000 ) ;
#670 = DIRECTION ( 'NONE',  ( 0.000000000000000000, 0.000000000000000000, -1.000000000000000000 ) ) ;
#671 = VECTOR ( 'NONE', #1544, 1000.000000000000000 ) ;
#672 = ORIENTED_EDGE ( 'NONE', *, *, #544, .F. ) ;
#673 = DIRECTION ( 'NONE',  ( 0.000000000000000000, -1.000000000000000000, 0.000000000000000000 ) ) ;
#674 = ORIENTED_EDGE ( 'NONE', *, *, #822, .F. ) ;
#675 = FACE_BOUND ( 'NONE', #710, .T. ) ;
#676 = ORIENTED_EDGE ( 'NONE', *, *, #2449, .T. ) ;
#677 = CIRCLE ( 'NONE', #903, 0.1000000000000000472 ) ;
#678 = DIRECTION ( 'NONE',  ( 0.000000000000000000, -1.000000000000000000, 0.000000000000000000 ) ) ;
#679 = ORIENTED_EDGE ( 'NONE', *, *, #1133, .T. ) ;
#680 = EDGE_LOOP ( 'NONE', ( #104, #2179, #3145, #2911 ) ) ;
#681 = DIRECTION ( 'NONE',  ( 0.000000000000000000, 0.000000000000000000, 1.000000000000000000 ) ) ;
#682 = ORIENTED_EDGE ( 'NONE', *, *, #1662, .F. ) ;
#683 = CYLINDRICAL_SURFACE ( 'NONE', #976, 0.2199999999999999178 ) ;
#684 = VERTEX_POINT ( 'NONE', #486 ) ;
#685 = AXIS2_PLACEMENT_3D ( 'NONE', #2761, #102, #2259 ) ;
#686 = EDGE_LOOP ( 'NONE', ( #35, #3232, #679 ) ) ;
#687 = CARTESIAN_POINT ( 'NONE',  ( 2.108586294075512928E-17, 0.000000000000000000, -0.2820000000000342233 ) ) ;
#688 = CARTESIAN_POINT ( 'NONE',  ( -0.9300000000000000488, 0.3300000000000001266, 1.405000000000000027 ) ) ;
#689 = EDGE_LOOP ( 'NONE', ( #1994, #2992, #896, #886 ) ) ;
#690 = AXIS2_PLACEMENT_3D ( 'NONE', #924, #364, #882 ) ;
#691 = VERTEX_POINT ( 'NONE', #1115 ) ;
#692 = ORIENTED_EDGE ( 'NONE', *, *, #1496, .F. ) ;
#693 = CARTESIAN_POINT ( 'NONE',  ( 0.000000000000000000, 0.8199999999999999512, 1.364999999999999991 ) ) ;
#694 = VERTEX_POINT ( 'NONE', #2729 ) ;
#695 = ADVANCED_FACE ( 'NONE', ( #2920 ), #2558, .T. ) ;
#696 = MECHANICAL_DESIGN_GEOMETRIC_PRESENTATION_REPRESENTATION (  '', ( #2698 ), #3006 ) ;
#697 = FACE_OUTER_BOUND ( 'NONE', #974, .T. ) ;
#698 = EDGE_LOOP ( 'NONE', ( #2752, #1666, #2181, #1945 ) ) ;
#699 = VERTEX_POINT ( 'NONE', #2527 ) ;
#700 = ORIENTED_EDGE ( 'NONE', *, *, #80, .F. ) ;
#701 = CARTESIAN_POINT ( 'NONE',  ( -0.9580562169623823010, 1.073232164006397982, 1.375470187224982155 ) ) ;
#702 = ORIENTED_EDGE ( 'NONE', *, *, #1408, .T. ) ;
#703 =( GEOMETRIC_REPRESENTATION_CONTEXT ( 3 ) GLOBAL_UNCERTAINTY_ASSIGNED_CONTEXT ( ( #1311 ) ) GLOBAL_UNIT_ASSIGNED_CONTEXT ( ( #950, #1230, #354 ) ) REPRESENTATION_CONTEXT ( 'NONE', 'WORKASPACE' ) );
#704 = PLANE ( 'NONE',  #1265 ) ;
#705 = ORIENTED_EDGE ( 'NONE', *, *, #587, .T. ) ;
#706 = PLANE ( 'NONE',  #749 ) ;
#707 = VERTEX_POINT ( 'NONE', #1317 ) ;
#708 = CIRCLE ( 'NONE', #2246, 0.03000000000000007869 ) ;
#709 = VECTOR ( 'NONE', #2542, 1000.000000000000000 ) ;
#710 = EDGE_LOOP ( 'NONE', ( #1930, #3016 ) ) ;
#711 = EDGE_CURVE ( 'NONE', #884, #1032, #806, .T. ) ;
#712 = VERTEX_POINT ( 'NONE', #2384 ) ;
#713 = CARTESIAN_POINT ( 'NONE',  ( 0.9299999999999991607, 0.3300000000000001266, -1.625000000000000000 ) ) ;
#714 = VERTEX_POINT ( 'NONE', #92 ) ;
#715 = CARTESIAN_POINT ( 'NONE',  ( 2.108586294075512928E-17, 0.05000000000000012768, -0.2820000000000342233 ) ) ;
#716 = FACE_OUTER_BOUND ( 'NONE', #2747, .T. ) ;
#717 = ORIENTED_EDGE ( 'NONE', *, *, #2444, .F. ) ;
#718 = CARTESIAN_POINT ( 'NONE',  ( 0.9299999999999991607, 0.2600000000000000644, -1.655000000000000027 ) ) ;
#719 = EDGE_CURVE ( 'NONE', #2236, #1795, #1799, .T. ) ;
#720 = EDGE_LOOP ( 'NONE', ( #1619, #1157, #1631, #2270 ) ) ;
#721 = CARTESIAN_POINT ( 'NONE',  ( -1.149999999999999911, 0.2300000000000000100, 4.336808689942017736E-16 ) ) ;
#722 = ORIENTED_EDGE ( 'NONE', *, *, #1412, .F. ) ;
#723 = SURFACE_SIDE_STYLE ('',( #332 ) ) ;
#724 = FACE_OUTER_BOUND ( 'NONE', #930, .T. ) ;
#725 = ORIENTED_EDGE ( 'NONE', *, *, #571, .F. ) ;
#726 = ORIENTED_EDGE ( 'NONE', *, *, #915, .T. ) ;
#727 = EDGE_CURVE ( 'NONE', #2913, #2540, #1743, .T. ) ;
#728 = ORIENTED_EDGE ( 'NONE', *, *, #414, .T. ) ;
#729 = FACE_OUTER_BOUND ( 'NONE', #1655, .T. ) ;
#730 = DIRECTION ( 'NONE',  ( -0.000000000000000000, -1.000000000000000000, -0.000000000000000000 ) ) ;
#731 = EDGE_LOOP ( 'NONE', ( #1205, #2211 ) ) ;
#732 = DIRECTION ( 'NONE',  ( -0.000000000000000000, 1.000000000000000000, -0.000000000000000000 ) ) ;
#733 = ORIENTED_EDGE ( 'NONE', *, *, #443, .F. ) ;
#734 = CARTESIAN_POINT ( 'NONE',  ( -1.200499999999989686, 0.05000000000000000278, -1.251523757758496925E-14 ) ) ;
#735 = EDGE_CURVE ( 'NONE', #2534, #2809, #1849, .T. ) ;
#736 = ORIENTED_EDGE ( 'NONE', *, *, #1076, .F. ) ;
#737 = COLOUR_RGB ( '',0.2509803921568627416, 0.2509803921568627416, 0.2509803921568627416 ) ;
#738 = ORIENTED_EDGE ( 'NONE', *, *, #1503, .F. ) ;
#739 = AXIS2_PLACEMENT_3D ( 'NONE', #1781, #2552, #107 ) ;
#740 = VERTEX_POINT ( 'NONE', #1280 ) ;
#741 = DIRECTION ( 'NONE',  ( 1.000000000000000000, 0.000000000000000000, 0.000000000000000000 ) ) ;
#742 = ORIENTED_EDGE ( 'NONE', *, *, #2596, .F. ) ;
#743 = LINE ( 'NONE', #1614, #2787 ) ;
#744 = VECTOR ( 'NONE', #349, 1000.000000000000000 ) ;
#745 = VERTEX_POINT ( 'NONE', #2488 ) ;
#746 = DIRECTION ( 'NONE',  ( 0.000000000000000000, 0.000000000000000000, 1.000000000000000000 ) ) ;
#747 = UNCERTAINTY_MEASURE_WITH_UNIT (LENGTH_MEASURE( 1.000000000000000082E-05 ), #1738, 'distance_accuracy_value', 'NONE');
#748 = VERTEX_POINT ( 'NONE', #1721 ) ;
#749 = AXIS2_PLACEMENT_3D ( 'NONE', #2834, #2382, #552 ) ;
#750 = DIRECTION ( 'NONE',  ( 0.000000000000000000, 0.000000000000000000, -1.000000000000000000 ) ) ;
#751 = EDGE_LOOP ( 'NONE', ( #1713, #1150 ) ) ;
#752 = FACE_OUTER_BOUND ( 'NONE', #1955, .T. ) ;
#753 = CARTESIAN_POINT ( 'NONE',  ( -0.4754999999999972027, 0.000000000000000000, -0.2820000000000342788 ) ) ;
#754 = VECTOR ( 'NONE', #317, 1000.000000000000000 ) ;
#755 = ORIENTED_EDGE ( 'NONE', *, *, #1585, .T. ) ;
#756 = VERTEX_POINT ( 'NONE', #718 ) ;
#757 = DIRECTION ( 'NONE',  ( 0.000000000000000000, 0.000000000000000000, -1.000000000000000000 ) ) ;
#758 = PRESENTATION_LAYER_ASSIGNMENT (  '', '', ( #2645 ) ) ;
#759 = ORIENTED_EDGE ( 'NONE', *, *, #953, .F. ) ;
#760 = VECTOR ( 'NONE', #1105, 1000.000000000000000 ) ;
#761 = TOROIDAL_SURFACE ( 'NONE', #1195, 0.2199999999999999178, 0.03000000000000012726 ) ;
#762 = VECTOR ( 'NONE', #1848, 1000.000000000000000 ) ;
#764 = ORIENTED_EDGE ( 'NONE', *, *, #443, .T. ) ;
#763 = ADVANCED_FACE ( 'NONE', ( #724 ), #1670, .F. ) ;
#765 = FILL_AREA_STYLE_COLOUR ( '', #2480 ) ;
#766 = ORIENTED_EDGE ( 'NONE', *, *, #947, .F. ) ;
#767 = CARTESIAN_POINT ( 'NONE',  ( -0.9299999999999982725, 0.8200000000000003952, 1.625000000000000000 ) ) ;
#768 = CARTESIAN_POINT ( 'NONE',  ( -1.042304473782994956, 1.080000000000000071, -1.388431457505076461 ) ) ;
#769 = ORIENTED_EDGE ( 'NONE', *, *, #1163, .F. ) ;
#770 = EDGE_CURVE ( 'NONE', #3074, #2809, #2943, .T. ) ;
#771 = LINE ( 'NONE', #48, #795 ) ;
#772 = LINE ( 'NONE', #1699, #1782 ) ;
#773 = ORIENTED_EDGE ( 'NONE', *, *, #3089, .F. ) ;
#774 = ADVANCED_FACE ( 'NONE', ( #1897 ), #155, .F. ) ;
#775 = ORIENTED_EDGE ( 'NONE', *, *, #1932, .F. ) ;
#776 =( NAMED_UNIT ( * ) SI_UNIT ( $, .STERADIAN. ) SOLID_ANGLE_UNIT ( ) );
#777 = ORIENTED_EDGE ( 'NONE', *, *, #1532, .F. ) ;
#778 = CYLINDRICAL_SURFACE ( 'NONE', #2284, 0.03000000000000007869 ) ;
#779 = CYLINDRICAL_SURFACE ( 'NONE', #2640, 0.2600000000000000089 ) ;
#780 = ORIENTED_EDGE ( 'NONE', *, *, #2001, .T. ) ;
#781 = ORIENTED_EDGE ( 'NONE', *, *, #492, .T. ) ;
#782 = CARTESIAN_POINT ( 'NONE',  ( 0.9299999999999991607, 0.3300000000000001266, -1.691666666666666208 ) ) ;
#783 = ORIENTED_EDGE ( 'NONE', *, *, #110, .T. ) ;
#784 = LINE ( 'NONE', #2483, #1879 ) ;
#785 = CARTESIAN_POINT ( 'NONE',  ( -1.149994843143755885, 0.8840925111116830770, 1.624994843143757306 ) ) ;
#786 = LINE ( 'NONE', #525, #2972 ) ;
#787 = CARTESIAN_POINT ( 'NONE',  ( 1.324999999999999512, 0.000000000000000000, 1.750000000000000000 ) ) ;
#788 = LINE ( 'NONE', #1335, #671 ) ;
#789 = ORIENTED_EDGE ( 'NONE', *, *, #485, .F. ) ;
#790 = EDGE_CURVE ( 'NONE', #2197, #190, #2835, .T. ) ;
#791 = DIRECTION ( 'NONE',  ( 0.000000000000000000, -0.000000000000000000, -1.000000000000000000 ) ) ;
#792 = DIRECTION ( 'NONE',  ( -1.000000000000000000, 0.000000000000000000, 3.888173308223841438E-15 ) ) ;
#793 = ORIENTED_EDGE ( 'NONE', *, *, #2007, .F. ) ;
#794 = LINE ( 'NONE', #887, #760 ) ;
#795 = VECTOR ( 'NONE', #2547, 1000.000000000000000 ) ;
#796 = PRESENTATION_STYLE_ASSIGNMENT (( #2360 ) ) ;
#797 = ORIENTED_EDGE ( 'NONE', *, *, #1224, .F. ) ;
#798 = DIRECTION ( 'NONE',  ( 0.000000000000000000, -1.000000000000000000, 0.000000000000000000 ) ) ;
#799 = CARTESIAN_POINT ( 'NONE',  ( 0.000000000000000000, 0.05000000000000012768, -1.104000000000022075 ) ) ;
#800 = DIRECTION ( 'NONE',  ( 0.000000000000000000, 0.000000000000000000, -1.000000000000000000 ) ) ;
#801 = EDGE_LOOP ( 'NONE', ( #2006, #842 ) ) ;
#802 = DIRECTION ( 'NONE',  ( -0.000000000000000000, -1.000000000000000000, 0.000000000000000000 ) ) ;
#803 = CARTESIAN_POINT ( 'NONE',  ( 0.4755000000000046412, 0.000000000000000000, 1.397901476064977039E-14 ) ) ;
#804 = LINE ( 'NONE', #2158, #2993 ) ;
#805 = AXIS2_PLACEMENT_3D ( 'NONE', #2869, #2135, #3127 ) ;
#806 = CIRCLE ( 'NONE', #864, 0.06666666666666626329 ) ;
#807 = VERTEX_POINT ( 'NONE', #3092 ) ;
#808 = ORIENTED_EDGE ( 'NONE', *, *, #2541, .T. ) ;
#809 = UNCERTAINTY_MEASURE_WITH_UNIT (LENGTH_MEASURE( 1.000000000000000082E-05 ), #1794, 'distance_accuracy_value', 'NONE');
#810 = ADVANCED_FACE ( 'NONE', ( #1749 ), #132, .T. ) ;
#811 = VECTOR ( 'NONE', #221, 1000.000000000000000 ) ;
#812 = VERTEX_POINT ( 'NONE', #2568 ) ;
#813 = AXIS2_PLACEMENT_3D ( 'NONE', #1864, #2838, #1797 ) ;
#814 = ADVANCED_FACE ( 'NONE', ( #2842 ), #683, .T. ) ;
#815 = ORIENTED_EDGE ( 'NONE', *, *, #2724, .T. ) ;
#816 = CARTESIAN_POINT ( 'NONE',  ( -1.216666666666666341, 0.3300000000000001266, 1.405000000000005134 ) ) ;
#817 = DIRECTION ( 'NONE',  ( -0.000000000000000000, -1.000000000000000000, -0.000000000000000000 ) ) ;
#818 = CARTESIAN_POINT ( 'NONE',  ( -1.079337930772948262, 1.020047581263014980, 1.554337930772949017 ) ) ;
#819 = LINE ( 'NONE', #3108, #1886 ) ;
#820 = CARTESIAN_POINT ( 'NONE',  ( 1.990051048614448869E-17, 0.05000000000000000278, 0.8724999999999999423 ) ) ;
#821 = ORIENTED_EDGE ( 'NONE', *, *, #727, .F. ) ;
#822 = EDGE_CURVE ( 'NONE', #1795, #3027, #1756, .T. ) ;
#823 = DIRECTION ( 'NONE',  ( 0.000000000000000000, 0.000000000000000000, -1.000000000000000000 ) ) ;
#824 = CARTESIAN_POINT ( 'NONE',  ( -1.200499999999978362, 0.05000000000000000278, -1.104000000000037174 ) ) ;
#825 = ORIENTED_EDGE ( 'NONE', *, *, #1709, .T. ) ;
#826 = DIRECTION ( 'NONE',  ( -7.477256361968997712E-17, 0.000000000000000000, -1.000000000000000000 ) ) ;
#827 = FACE_OUTER_BOUND ( 'NONE', #968, .T. ) ;
#828 = VERTEX_POINT ( 'NONE', #1132 ) ;
#829 = CARTESIAN_POINT ( 'NONE',  ( 0.000000000000000000, 0.000000000000000000, 0.7099999999999999645 ) ) ;
#830 = APPLICATION_PROTOCOL_DEFINITION ( 'draft international standard', 'automotive_design', 1998, #2668 ) ;
#831 = CARTESIAN_POINT ( 'NONE',  ( 0.9240387295058689610, 1.080000000000000071, 1.370236727616288341 ) ) ;
#832 = EDGE_CURVE ( 'NONE', #1795, #2136, #2853, .T. ) ;
#833 = ORIENTED_EDGE ( 'NONE', *, *, #2932, .T. ) ;
#834 = DIRECTION ( 'NONE',  ( 1.000000000000000000, 0.000000000000000000, -0.000000000000000000 ) ) ;
#835 = CARTESIAN_POINT ( 'NONE',  ( -3.118314993195672637E-15, 0.05000000000000012768, -0.8020000000000391260 ) ) ;
#836 = LINE ( 'NONE', #1826, #1896 ) ;
#837 = ORIENTED_EDGE ( 'NONE', *, *, #2216, .F. ) ;
#838 = ORIENTED_EDGE ( 'NONE', *, *, #3237, .F. ) ;
#839 = EDGE_CURVE ( 'NONE', #748, #1934, #1808, .T. ) ;
#840 = DIRECTION ( 'NONE',  ( 1.000000000000000000, 0.000000000000000000, 0.000000000000000000 ) ) ;
#841 = EDGE_LOOP ( 'NONE', ( #1829, #2840, #636, #1005 ) ) ;
#842 = ORIENTED_EDGE ( 'NONE', *, *, #1439, .T. ) ;
#843 = DIRECTION ( 'NONE',  ( 1.000000000000000000, -0.000000000000000000, -0.000000000000000000 ) ) ;
#844 = AXIS2_PLACEMENT_3D ( 'NONE', #1008, #243, #2485 ) ;
#845 = DIRECTION ( 'NONE',  ( -0.000000000000000000, 1.000000000000000000, -0.000000000000000000 ) ) ;
#846 = ADVANCED_FACE ( 'NONE', ( #2950 ), #2470, .T. ) ;
#847 = CARTESIAN_POINT ( 'NONE',  ( -1.149999999999999911, 0.8200000000000000622, 1.624999999999999556 ) ) ;
#848 = CARTESIAN_POINT ( 'NONE',  ( 1.200500000000025214, 0.05000000000000000278, -1.104000000000022075 ) ) ;
#849 = EDGE_LOOP ( 'NONE', ( #3046, #644, #759, #781 ) ) ;
#850 = SURFACE_SIDE_STYLE ('',( #1887 ) ) ;
#851 = CARTESIAN_POINT ( 'NONE',  ( 0.9299999999999996048, 0.2600000000000000644, 1.405000000000000027 ) ) ;
#852 = EDGE_LOOP ( 'NONE', ( #1719, #1845, #108, #2173 ) ) ;
#853 =( GEOMETRIC_REPRESENTATION_CONTEXT ( 3 ) GLOBAL_UNCERTAINTY_ASSIGNED_CONTEXT ( ( #2199 ) ) GLOBAL_UNIT_ASSIGNED_CONTEXT ( ( #621, #2638, #2929 ) ) REPRESENTATION_CONTEXT ( 'NONE', 'WORKASPACE' ) );
#854 = EDGE_LOOP ( 'NONE', ( #2051, #165 ) ) ;
#855 = CARTESIAN_POINT ( 'NONE',  ( 1.097911707835015127, 0.9797838183819888025, 1.396986416590002333 ) ) ;
#856 = VERTEX_POINT ( 'NONE', #665 ) ;
#857 = CARTESIAN_POINT ( 'NONE',  ( -0.8899999999999997913, 1.080000000000000071, -1.364999999999999991 ) ) ;
#858 = DIRECTION ( 'NONE',  ( 1.000000000000000000, 0.000000000000000000, -0.000000000000000000 ) ) ;
#859 = AXIS2_PLACEMENT_3D ( 'NONE', #2633, #2919, #427 ) ;
#860 = CARTESIAN_POINT ( 'NONE',  ( -1.200500000000000123, 0.05000000000000012768, -1.251523757758507811E-14 ) ) ;
#861 = ORIENTED_EDGE ( 'NONE', *, *, #869, .T. ) ;
#862 = ORIENTED_EDGE ( 'NONE', *, *, #2129, .F. ) ;
#863 = CARTESIAN_POINT ( 'NONE',  ( 1.200500000000012779, 0.05000000000000000278, -0.2820000000000429941 ) ) ;
#864 = AXIS2_PLACEMENT_3D ( 'NONE', #1058, #2054, #3080 ) ;
#865 = ORIENTED_EDGE ( 'NONE', *, *, #154, .T. ) ;
#866 = EDGE_LOOP ( 'NONE', ( #1073, #934, #2833, #1997 ) ) ;
#867 = CARTESIAN_POINT ( 'NONE',  ( 9.950255243072245579E-17, 2.348097038856279628, 1.522499999999999964 ) ) ;
#868 = CARTESIAN_POINT ( 'NONE',  ( 0.8899999999999989031, 1.080000000000000071, 1.364999999999999991 ) ) ;
#869 = EDGE_CURVE ( 'NONE', #190, #2197, #1816, .T. ) ;
#870 = DIRECTION ( 'NONE',  ( -1.042502088928369515E-14, 0.000000000000000000, 1.000000000000000000 ) ) ;
#872 = ORIENTED_EDGE ( 'NONE', *, *, #396, .F. ) ;
#871 = ADVANCED_FACE ( 'NONE', ( #697 ), #1855, .F. ) ;
#873 = CARTESIAN_POINT ( 'NONE',  ( -0.6250000000000004441, 1.080000000000000071, -1.100000000000000089 ) ) ;
#874 = ORIENTED_EDGE ( 'NONE', *, *, #388, .F. ) ;
#875 = ORIENTED_EDGE ( 'NONE', *, *, #1470, .F. ) ;
#876 = EDGE_CURVE ( 'NONE', #2034, #2903, #1842, .T. ) ;
#877 = ORIENTED_EDGE ( 'NONE', *, *, #2766, .F. ) ;
#878 = CARTESIAN_POINT ( 'NONE',  ( 1.149999999999999467, 0.8199999999999999512, 1.404999999999998250 ) ) ;
#879 = PLANE ( 'NONE',  #1634 ) ;
#880 = VERTEX_POINT ( 'NONE', #1942 ) ;
#881 = SURFACE_STYLE_USAGE ( .BOTH. , #561 ) ;
#882 = DIRECTION ( 'NONE',  ( 0.000000000000000000, 0.000000000000000000, 1.000000000000000000 ) ) ;
#883 = ORIENTED_EDGE ( 'NONE', *, *, #1470, .T. ) ;
#884 = VERTEX_POINT ( 'NONE', #1675 ) ;
#885 = EDGE_CURVE ( 'NONE', #856, #828, #772, .T. ) ;
#886 = ORIENTED_EDGE ( 'NONE', *, *, #2013, .T. ) ;
#887 = CARTESIAN_POINT ( 'NONE',  ( -0.4754999999999972027, 0.05000000000000000278, -0.2820000000000342788 ) ) ;
#888 = VERTEX_POINT ( 'NONE', #1014 ) ;
#889 = EDGE_CURVE ( 'NONE', #1049, #1783, #2907, .T. ) ;
#890 = VERTEX_POINT ( 'NONE', #444 ) ;
#891 = CARTESIAN_POINT ( 'NONE',  ( 0.8899999999999991251, 1.080000000000000071, -1.364999999999999991 ) ) ;
#892 = CARTESIAN_POINT ( 'NONE',  ( -0.6250000000000004441, 0.9799999999999999822, -1.100000000000000089 ) ) ;
#893 = MECHANICAL_DESIGN_GEOMETRIC_PRESENTATION_REPRESENTATION (  '', ( #2786 ), #371 ) ;
#894 = DIRECTION ( 'NONE',  ( 0.000000000000000000, 0.000000000000000000, -1.000000000000000000 ) ) ;
#895 = DIRECTION ( 'NONE',  ( -0.000000000000000000, -1.000000000000000000, -0.000000000000000000 ) ) ;
#896 = ORIENTED_EDGE ( 'NONE', *, *, #1114, .T. ) ;
#897 = DIRECTION ( 'NONE',  ( 0.000000000000000000, -1.000000000000000000, 0.000000000000000000 ) ) ;
#898 = ORIENTED_EDGE ( 'NONE', *, *, #2172, .T. ) ;
#899 = CARTESIAN_POINT ( 'NONE',  ( 2.108586294075512928E-17, 0.05000000000000000278, -0.2820000000000342233 ) ) ;
#900 = ADVANCED_FACE ( 'NONE', ( #2960 ), #779, .T. ) ;
#901 =( GEOMETRIC_REPRESENTATION_CONTEXT ( 3 ) GLOBAL_UNCERTAINTY_ASSIGNED_CONTEXT ( ( #1671 ) ) GLOBAL_UNIT_ASSIGNED_CONTEXT ( ( #3021, #98, #252 ) ) REPRESENTATION_CONTEXT ( 'NONE', 'WORKASPACE' ) );
#902 = VERTEX_POINT ( 'NONE', #988 ) ;
#903 = AXIS2_PLACEMENT_3D ( 'NONE', #1901, #2420, #1602 ) ;
#904 = DIRECTION ( 'NONE',  ( 0.000000000000000000, -0.000000000000000000, -1.000000000000000000 ) ) ;
#905 = ORIENTED_EDGE ( 'NONE', *, *, #1382, .T. ) ;
#906 = DIRECTION ( 'NONE',  ( -1.000000000000000000, 0.000000000000000000, 1.042502088928369672E-14 ) ) ;
#907 = PLANE ( 'NONE',  #1508 ) ;
#908 = DIRECTION ( 'NONE',  ( -0.000000000000000000, 0.000000000000000000, -1.000000000000000000 ) ) ;
#909 = VERTEX_POINT ( 'NONE', #1262 ) ;
#910 =( GEOMETRIC_REPRESENTATION_CONTEXT ( 3 ) GLOBAL_UNCERTAINTY_ASSIGNED_CONTEXT ( ( #122 ) ) GLOBAL_UNIT_ASSIGNED_CONTEXT ( ( #87, #1525, #312 ) ) REPRESENTATION_CONTEXT ( 'NONE', 'WORKASPACE' ) );
#911 = ORIENTED_EDGE ( 'NONE', *, *, #2348, .T. ) ;
#912 = CARTESIAN_POINT ( 'NONE',  ( -1.200499999999997236, 0.000000000000000000, -0.2820000000000343343 ) ) ;
#913 = DIRECTION ( 'NONE',  ( 0.000000000000000000, 0.000000000000000000, -1.000000000000000000 ) ) ;
#914 = ORIENTED_EDGE ( 'NONE', *, *, #166, .T. ) ;
#915 = EDGE_CURVE ( 'NONE', #61, #2717, #2481, .T. ) ;
#916 = ORIENTED_EDGE ( 'NONE', *, *, #1709, .F. ) ;
#917 = DIRECTION ( 'NONE',  ( 1.000000000000000000, 0.000000000000000000, 0.000000000000000000 ) ) ;
#918 = ORIENTED_EDGE ( 'NONE', *, *, #1936, .T. ) ;
#919 = ORIENTED_EDGE ( 'NONE', *, *, #467, .T. ) ;
#920 = EDGE_CURVE ( 'NONE', #2136, #94, #1426, .T. ) ;
#921 = ORIENTED_EDGE ( 'NONE', *, *, #2180, .F. ) ;
#922 = DIRECTION ( 'NONE',  ( 0.000000000000000000, 0.000000000000000000, 1.000000000000000000 ) ) ;
#923 = ORIENTED_EDGE ( 'NONE', *, *, #3020, .F. ) ;
#924 = CARTESIAN_POINT ( 'NONE',  ( -0.6250000000000004441, 1.080000000000000071, -1.100000000000000089 ) ) ;
#925 = DIRECTION ( 'NONE',  ( 1.042502088928369672E-14, 0.000000000000000000, 1.000000000000000000 ) ) ;
#926 = EDGE_CURVE ( 'NONE', #977, #756, #327, .T. ) ;
#927 = ORIENTED_EDGE ( 'NONE', *, *, #1921, .F. ) ;
#928 = ORIENTED_EDGE ( 'NONE', *, *, #526, .F. ) ;
#929 = CARTESIAN_POINT ( 'NONE',  ( -1.170689655172413968, 0.2817241379310346794, 0.000000000000000000 ) ) ;
#930 = EDGE_LOOP ( 'NONE', ( #2912, #3173, #722, #29 ) ) ;
#931 = ORIENTED_EDGE ( 'NONE', *, *, #2088, .T. ) ;
#932 = CARTESIAN_POINT ( 'NONE',  ( 0.000000000000000000, 0.000000000000000000, -0.1025000000000001604 ) ) ;
#933 = ORIENTED_EDGE ( 'NONE', *, *, #279, .F. ) ;
#934 = ORIENTED_EDGE ( 'NONE', *, *, #1341, .F. ) ;
#935 = AXIS2_PLACEMENT_3D ( 'NONE', #2890, #402, #3168 ) ;
#936 = VERTEX_POINT ( 'NONE', #721 ) ;
#937 = PLANE ( 'NONE',  #1228 ) ;
#938 = ORIENTED_EDGE ( 'NONE', *, *, #876, .T. ) ;
#939 = DIRECTION ( 'NONE',  ( 7.228014483236677820E-15, 0.000000000000000000, -1.000000000000000000 ) ) ;
#940 = CARTESIAN_POINT ( 'NONE',  ( -1.149999999999999911, 0.2600000000000000644, 0.000000000000000000 ) ) ;
#941 = EDGE_CURVE ( 'NONE', #615, #756, #2469, .T. ) ;
#942 = ORIENTED_EDGE ( 'NONE', *, *, #1973, .F. ) ;
#943 = ORIENTED_EDGE ( 'NONE', *, *, #1295, .T. ) ;
#944 = ADVANCED_FACE ( 'NONE', ( #1431 ), #139, .T. ) ;
#945 = DIRECTION ( 'NONE',  ( -0.000000000000000000, -1.000000000000000000, -0.000000000000000000 ) ) ;
#946 = DIRECTION ( 'NONE',  ( 2.252282450005703799E-15, 0.000000000000000000, 1.000000000000000000 ) ) ;
#947 = EDGE_CURVE ( 'NONE', #550, #699, #1347, .T. ) ;
#948 = ORIENTED_EDGE ( 'NONE', *, *, #1532, .T. ) ;
#949 = ORIENTED_EDGE ( 'NONE', *, *, #3063, .F. ) ;
#950 =( LENGTH_UNIT ( ) NAMED_UNIT ( * ) SI_UNIT ( .MILLI., .METRE. ) );
#951 = FILL_AREA_STYLE ('',( #649 ) ) ;
#952 = ORIENTED_EDGE ( 'NONE', *, *, #2129, .T. ) ;
#953 = EDGE_CURVE ( 'NONE', #812, #1018, #2432, .T. ) ;
#954 = CARTESIAN_POINT ( 'NONE',  ( -0.9249516375886532860, 0.9509380780268221756, -1.592185644326246097 ) ) ;
#955 = ORIENTED_EDGE ( 'NONE', *, *, #1496, .T. ) ;
#956 = EDGE_LOOP ( 'NONE', ( #1645, #42, #2931, #95 ) ) ;
#957 = EDGE_CURVE ( 'NONE', #1972, #3049, #2473, .T. ) ;
#958 = DIRECTION ( 'NONE',  ( 0.000000000000000000, -0.000000000000000000, -1.000000000000000000 ) ) ;
#959 = ORIENTED_EDGE ( 'NONE', *, *, #1360, .F. ) ;
#960 = ORIENTED_EDGE ( 'NONE', *, *, #1417, .T. ) ;
#961 = DIRECTION ( 'NONE',  ( -0.000000000000000000, -1.000000000000000000, -0.000000000000000000 ) ) ;
#962 = DIRECTION ( 'NONE',  ( 0.000000000000000000, -1.000000000000000000, 0.000000000000000000 ) ) ;
#963 = ORIENTED_EDGE ( 'NONE', *, *, #735, .T. ) ;
#964 = VERTEX_POINT ( 'NONE', #2565 ) ;
#965 = ORIENTED_EDGE ( 'NONE', *, *, #2449, .F. ) ;
#966 = DIRECTION ( 'NONE',  ( 0.000000000000000000, -0.000000000000000000, -1.000000000000000000 ) ) ;
#967 = PLANE ( 'NONE',  #2996 ) ;
#968 = EDGE_LOOP ( 'NONE', ( #682, #2057, #1706, #1773 ) ) ;
#969 = ORIENTED_EDGE ( 'NONE', *, *, #3224, .T. ) ;
#970 = AXIS2_PLACEMENT_3D ( 'NONE', #346, #1569, #2817 ) ;
#971 = ORIENTED_EDGE ( 'NONE', *, *, #1246, .F. ) ;
#972 = ADVANCED_FACE ( 'NONE', ( #1425 ), #1379, .T. ) ;
#973 = DIRECTION ( 'NONE',  ( -0.000000000000000000, -1.000000000000000000, -0.000000000000000000 ) ) ;
#974 = EDGE_LOOP ( 'NONE', ( #1160, #999, #1763, #783 ) ) ;
#975 = ORIENTED_EDGE ( 'NONE', *, *, #207, .F. ) ;
#976 = AXIS2_PLACEMENT_3D ( 'NONE', #2124, #2790, #539 ) ;
#977 = VERTEX_POINT ( 'NONE', #1319 ) ;
#978 = ORIENTED_EDGE ( 'NONE', *, *, #1324, .F. ) ;
#979 = ORIENTED_EDGE ( 'NONE', *, *, #422, .F. ) ;
#980 = CARTESIAN_POINT ( 'NONE',  ( -1.200499999999991685, 2.348097038856279628, -0.8020000000000344631 ) ) ;
#981 = ORIENTED_EDGE ( 'NONE', *, *, #3133, .F. ) ;
#982 = EDGE_CURVE ( 'NONE', #2188, #2028, #309, .T. ) ;
#983 = DIRECTION ( 'NONE',  ( -0.000000000000000000, -1.000000000000000000, 0.000000000000000000 ) ) ;
#984 = CARTESIAN_POINT ( 'NONE',  ( -0.9300000000000000488, 6.141519810323690542, 1.405000000000000027 ) ) ;
#985 = EDGE_LOOP ( 'NONE', ( #3071, #1043, #1736, #2948 ) ) ;
#986 = ORIENTED_EDGE ( 'NONE', *, *, #1388, .F. ) ;
#987 = ORIENTED_EDGE ( 'NONE', *, *, #3177, .F. ) ;
#988 = CARTESIAN_POINT ( 'NONE',  ( -1.325000000000000400, 0.000000000000000000, -1.750000000000000000 ) ) ;
#989 = EDGE_CURVE ( 'NONE', #1893, #2235, #1398, .T. ) ;
#990 = CARTESIAN_POINT ( 'NONE',  ( 1.170689655172413524, 0.2817241379310346794, 1.404999999999999583 ) ) ;
#991 = EDGE_LOOP ( 'NONE', ( #773, #725, #2902, #1650 ) ) ;
#992 = ORIENTED_EDGE ( 'NONE', *, *, #2223, .T. ) ;
#993 = VERTEX_POINT ( 'NONE', #929 ) ;
#994 = DIRECTION ( 'NONE',  ( 0.000000000000000000, 0.000000000000000000, -1.000000000000000000 ) ) ;
#995 = PRESENTATION_STYLE_ASSIGNMENT (( #1492 ) ) ;
#996 = SURFACE_SIDE_STYLE ('',( #1343 ) ) ;
#997 = EDGE_LOOP ( 'NONE', ( #2966, #2320, #780, #2936 ) ) ;
#998 = CARTESIAN_POINT ( 'NONE',  ( -1.325000000000000400, 0.2300000000000000100, -1.750000000000000000 ) ) ;
#999 = ORIENTED_EDGE ( 'NONE', *, *, #735, .F. ) ;
#1000 = DIRECTION ( 'NONE',  ( 1.042502088928369515E-14, 0.000000000000000000, -1.000000000000000000 ) ) ;
#1001 = CARTESIAN_POINT ( 'NONE',  ( 0.000000000000000000, 0.000000000000000000, 0.7099999999999999645 ) ) ;
#1002 = ORIENTED_EDGE ( 'NONE', *, *, #920, .F. ) ;
#1003 = VECTOR ( 'NONE', #212, 1000.000000000000000 ) ;
#1004 = VERTEX_POINT ( 'NONE', #2225 ) ;
#1005 = ORIENTED_EDGE ( 'NONE', *, *, #1029, .T. ) ;
#1006 = CARTESIAN_POINT ( 'NONE',  ( 0.4755000000000365601, 0.05000000000000012768, -4.957097432854778454E-15 ) ) ;
#1007 = VERTEX_POINT ( 'NONE', #2456 ) ;
#1008 = CARTESIAN_POINT ( 'NONE',  ( 0.4755000000000046412, 0.05000000000000000278, 1.397901476064977039E-14 ) ) ;
#1009 = CARTESIAN_POINT ( 'NONE',  ( -1.325000000000000400, 0.2300000000000000100, 1.750000000000000000 ) ) ;
#1010 = VERTEX_POINT ( 'NONE', #912 ) ;
#1011 = ORIENTED_EDGE ( 'NONE', *, *, #2307, .F. ) ;
#1012 = ORIENTED_EDGE ( 'NONE', *, *, #2602, .F. ) ;
#1013 = DIRECTION ( 'NONE',  ( 1.000000000000000000, 0.000000000000000000, 0.000000000000000000 ) ) ;
#1014 = CARTESIAN_POINT ( 'NONE',  ( -0.4754999999999728888, 0.000000000000000000, -1.624000000000037414 ) ) ;
#1015 = AXIS2_PLACEMENT_3D ( 'NONE', #2474, #233, #1244 ) ;
#1016 = FILL_AREA_STYLE ('',( #1351 ) ) ;
#1017 = EDGE_LOOP ( 'NONE', ( #3242, #726, #2165, #13 ) ) ;
#1018 = VERTEX_POINT ( 'NONE', #1609 ) ;
#1019 = ORIENTED_EDGE ( 'NONE', *, *, #3224, .F. ) ;
#1020 = CARTESIAN_POINT ( 'NONE',  ( 6.276314845630184232E-17, 0.000000000000000000, 1.222499999999999920 ) ) ;
#1021 = AXIS2_PLACEMENT_3D ( 'NONE', #2819, #908, #1175 ) ;
#1022 = CYLINDRICAL_SURFACE ( 'NONE', #334, 0.5124999999999999556 ) ;
#1023 = CARTESIAN_POINT ( 'NONE',  ( 1.149999999999999467, 0.9723044737829952266, -1.405000000000000027 ) ) ;
#1024 = ORIENTED_EDGE ( 'NONE', *, *, #159, .F. ) ;
#1025 = CARTESIAN_POINT ( 'NONE',  ( 0.9299999999999966072, 0.2817241379310346794, 1.645689655172413834 ) ) ;
#1026 = DIRECTION ( 'NONE',  ( 0.000000000000000000, -1.000000000000000000, 0.000000000000000000 ) ) ;
#1027 = ORIENTED_EDGE ( 'NONE', *, *, #2762, .F. ) ;
#1028 = ADVANCED_FACE ( 'NONE', ( #2460 ), #1947, .F. ) ;
#1029 = EDGE_CURVE ( 'NONE', #745, #1744, #295, .T. ) ;
#1030 = ORIENTED_EDGE ( 'NONE', *, *, #2533, .T. ) ;
#1031 = CARTESIAN_POINT ( 'NONE',  ( -0.9299999999999982725, 0.8199999999999999512, 1.625000000000000000 ) ) ;
#1032 = VERTEX_POINT ( 'NONE', #990 ) ;
#1033 = LINE ( 'NONE', #3184, #1003 ) ;
#1034 = ORIENTED_EDGE ( 'NONE', *, *, #2172, .F. ) ;
#1035 = EDGE_CURVE ( 'NONE', #30, #1929, #302, .T. ) ;
#1036 = EDGE_LOOP ( 'NONE', ( #377, #1981, #3088, #179 ) ) ;
#1037 = DIRECTION ( 'NONE',  ( -0.000000000000000000, -1.000000000000000000, 0.000000000000000000 ) ) ;
#1038 = CARTESIAN_POINT ( 'NONE',  ( -1.200499999999989686, 0.05000000000000012768, -1.251523757758496925E-14 ) ) ;
#1039 = LINE ( 'NONE', #2720, #2076 ) ;
#1040 = EDGE_LOOP ( 'NONE', ( #969, #3083, #2818, #928, #975, #650 ) ) ;
#1041 = VERTEX_POINT ( 'NONE', #2975 ) ;
#1042 =( NAMED_UNIT ( * ) PLANE_ANGLE_UNIT ( ) SI_UNIT ( $, .RADIAN. ) );
#1043 = ORIENTED_EDGE ( 'NONE', *, *, #2976, .F. ) ;
#1044 = CARTESIAN_POINT ( 'NONE',  ( -0.9096325669405642689, 1.080000112146719315, -1.384632566940566134 ) ) ;
#1045 = EDGE_LOOP ( 'NONE', ( #1861, #2112, #1729, #960 ) ) ;
#1046 = EDGE_CURVE ( 'NONE', #880, #748, #270, .T. ) ;
#1047 = VECTOR ( 'NONE', #2693, 1000.000000000000000 ) ;
#1048 = VERTEX_POINT ( 'NONE', #431 ) ;
#1049 = VERTEX_POINT ( 'NONE', #1651 ) ;
#1050 = AXIS2_PLACEMENT_3D ( 'NONE', #3043, #1659, #1093 ) ;
#1051 = VECTOR ( 'NONE', #439, 1000.000000000000000 ) ;
#1052 = EDGE_LOOP ( 'NONE', ( #3075, #3012, #938, #1177, #3225, #3169 ) ) ;
#1053 = PRESENTATION_LAYER_ASSIGNMENT (  '', '', ( #2698 ) ) ;
#1054 = VERTEX_POINT ( 'NONE', #1418 ) ;
#1055 = CARTESIAN_POINT ( 'NONE',  ( 1.200500000000007228, 2.348097038856279628, -0.8020000000000431228 ) ) ;
#1056 = ADVANCED_FACE ( 'NONE', ( #2446 ), #1387, .F. ) ;
#1057 = DIRECTION ( 'NONE',  ( 1.042502088928369515E-14, 0.000000000000000000, -1.000000000000000000 ) ) ;
#1058 = CARTESIAN_POINT ( 'NONE',  ( 1.216666666666665897, 0.3300000000000001266, 1.404999999999999583 ) ) ;
#1059 = ORIENTED_EDGE ( 'NONE', *, *, #2724, .F. ) ;
#1060 = DIRECTION ( 'NONE',  ( 0.000000000000000000, 1.000000000000000000, 0.000000000000000000 ) ) ;
#1061 = VERTEX_POINT ( 'NONE', #2631 ) ;
#1062 = PRESENTATION_LAYER_ASSIGNMENT (  '', '', ( #2586 ) ) ;
#1063 = LINE ( 'NONE', #2967, #2085 ) ;
#1064 = CARTESIAN_POINT ( 'NONE',  ( 1.149999999999999467, 0.2600000000000000644, 1.404999999999999583 ) ) ;
#1065 = DIRECTION ( 'NONE',  ( -1.000000000000000000, 0.000000000000000000, 0.000000000000000000 ) ) ;
#1066 = CARTESIAN_POINT ( 'NONE',  ( 0.8899999999999995692, 1.080000000000000071, -1.364999999999999991 ) ) ;
#1067 = ORIENTED_EDGE ( 'NONE', *, *, #393, .T. ) ;
#1068 = CARTESIAN_POINT ( 'NONE',  ( -1.200499999999989686, 2.348097038856279628, -1.251523757758496925E-14 ) ) ;
#1069 = PLANE ( 'NONE',  #2050 ) ;
#1070 = VERTEX_POINT ( 'NONE', #2946 ) ;
#1071 = EDGE_CURVE ( 'NONE', #1172, #2036, #2476, .T. ) ;
#1072 = FACE_OUTER_BOUND ( 'NONE', #849, .T. ) ;
#1073 = ORIENTED_EDGE ( 'NONE', *, *, #926, .F. ) ;
#1074 = PLANE ( 'NONE',  #739 ) ;
#1075 = ORIENTED_EDGE ( 'NONE', *, *, #3188, .T. ) ;
#1076 = EDGE_CURVE ( 'NONE', #1243, #2944, #2501, .T. ) ;
#1077 = ORIENTED_EDGE ( 'NONE', *, *, #159, .T. ) ;
#1078 = EDGE_LOOP ( 'NONE', ( #1793, #986 ) ) ;
#1079 = CARTESIAN_POINT ( 'NONE',  ( -1.149999999999999911, 0.2600000000000000644, -1.404999999999998028 ) ) ;
#1080 = CARTESIAN_POINT ( 'NONE',  ( -0.9219864165900024666, 0.9797838183819894686, 1.572911707835015216 ) ) ;
#1081 = DIRECTION ( 'NONE',  ( -0.000000000000000000, -1.000000000000000000, -0.000000000000000000 ) ) ;
#1082 = VECTOR ( 'NONE', #298, 1000.000000000000000 ) ;
#1083 = ADVANCED_FACE ( 'NONE', ( #2515, #1390 ), #1592, .T. ) ;
#1084 = LINE ( 'NONE', #3073, #2106 ) ;
#1085 = CARTESIAN_POINT ( 'NONE',  ( -0.9299999999999987166, 0.3300000000000001266, -1.691666666666666208 ) ) ;
#1086 = ORIENTED_EDGE ( 'NONE', *, *, #1029, .F. ) ;
#1087 = DIRECTION ( 'NONE',  ( -1.042502088928369515E-14, 0.000000000000000000, -1.000000000000000000 ) ) ;
#1088 = CARTESIAN_POINT ( 'NONE',  ( 0.9299999999999996048, 0.8199999999999999512, -1.405000000000000027 ) ) ;
#1089 = ORIENTED_EDGE ( 'NONE', *, *, #839, .T. ) ;
#1090 = ADVANCED_FACE ( 'NONE', ( #260 ), #2442, .F. ) ;
#1091 = COLOUR_RGB ( '',1.000000000000000000, 0.8117647058823529438, 0.5019607843137254832 ) ;
#1092 = CARTESIAN_POINT ( 'NONE',  ( 0.9299999999999996048, 0.3300000000000001266, 1.405000000000000027 ) ) ;
#1093 = DIRECTION ( 'NONE',  ( 0.000000000000000000, 0.000000000000000000, 1.000000000000000000 ) ) ;
#1094 = CARTESIAN_POINT ( 'NONE',  ( 1.149999999999999467, 0.8540379109755191767, 1.404999979550914713 ) ) ;
#1096 = ADVANCED_FACE ( 'NONE', ( #321 ), #1353, .T. ) ;
#1095 = ORIENTED_EDGE ( 'NONE', *, *, #1959, .F. ) ;
#1097 = CARTESIAN_POINT ( 'NONE',  ( -0.4754999999999849347, 2.348097038856279628, -0.8020000000000372387 ) ) ;
#1098 = ORIENTED_EDGE ( 'NONE', *, *, #2569, .F. ) ;
#1099 = DIRECTION ( 'NONE',  ( 1.000000000000000000, 0.000000000000000000, -3.888173308223841438E-15 ) ) ;
#1100 = AXIS2_PLACEMENT_3D ( 'NONE', #2580, #606, #1384 ) ;
#1101 = VECTOR ( 'NONE', #2673, 1000.000000000000000 ) ;
#1102 = EDGE_LOOP ( 'NONE', ( #664, #3053, #3147, #963 ) ) ;
#1103 = DIRECTION ( 'NONE',  ( 0.000000000000000000, -1.000000000000000000, 0.000000000000000000 ) ) ;
#1104 = EDGE_LOOP ( 'NONE', ( #1059, #2885, #667, #2962 ) ) ;
#1105 = DIRECTION ( 'NONE',  ( -0.000000000000000000, -1.000000000000000000, -0.000000000000000000 ) ) ;
#1106 = AXIS2_PLACEMENT_3D ( 'NONE', #2107, #355, #547 ) ;
#1107 = ORIENTED_EDGE ( 'NONE', *, *, #1959, .T. ) ;
#1108 = ORIENTED_EDGE ( 'NONE', *, *, #885, .T. ) ;
#1109 = CARTESIAN_POINT ( 'NONE',  ( -0.9299999999999984945, 1.080000000000000071, -1.364999999999999991 ) ) ;
#1110 = PLANE ( 'NONE',  #2357 ) ;
#1111 = CARTESIAN_POINT ( 'NONE',  ( -1.131246803533018763, 0.9411264547274751369, 1.606246803533018408 ) ) ;
#1112 = DIRECTION ( 'NONE',  ( 1.000000000000000000, 0.000000000000000000, 7.477256361968997712E-17 ) ) ;
#1113 = CYLINDRICAL_SURFACE ( 'NONE', #300, 0.8125000000000001110 ) ;
#1114 = EDGE_CURVE ( 'NONE', #2024, #2235, #1410, .T. ) ;
#1115 = CARTESIAN_POINT ( 'NONE',  ( -1.200499999999978362, 0.000000000000000000, -1.104000000000037174 ) ) ;
#1116 = VERTEX_POINT ( 'NONE', #1263 ) ;
#1117 = CARTESIAN_POINT ( 'NONE',  ( 0.4755000000000046412, 2.348097038856279628, 1.397901476064977039E-14 ) ) ;
#1118 = ORIENTED_EDGE ( 'NONE', *, *, #106, .T. ) ;
#1119 = LINE ( 'NONE', #1890, #2200 ) ;
#1120 = ADVANCED_FACE ( 'NONE', ( #350 ), #386, .F. ) ;
#1121 = LINE ( 'NONE', #2628, #2147 ) ;
#1122 = DIRECTION ( 'NONE',  ( -0.000000000000000000, -1.000000000000000000, 0.000000000000000000 ) ) ;
#1123 = DIRECTION ( 'NONE',  ( 1.000000000000000000, 0.000000000000000000, 0.000000000000000000 ) ) ;
#1124 = EDGE_LOOP ( 'NONE', ( #85, #2775, #2728, #1787 ) ) ;
#1125 = EDGE_CURVE ( 'NONE', #3074, #964, #1407, .T. ) ;
#1126 = DIRECTION ( 'NONE',  ( 0.000000000000000000, -1.000000000000000000, 0.000000000000000000 ) ) ;
#1127 = ORIENTED_EDGE ( 'NONE', *, *, #2278, .T. ) ;
#1128 = DIRECTION ( 'NONE',  ( 0.000000000000000000, 0.000000000000000000, -1.000000000000000000 ) ) ;
#1129 = FACE_OUTER_BOUND ( 'NONE', #404, .T. ) ;
#1130 = FACE_OUTER_BOUND ( 'NONE', #1974, .T. ) ;
#1131 = ORIENTED_EDGE ( 'NONE', *, *, #1925, .F. ) ;
#1132 = CARTESIAN_POINT ( 'NONE',  ( -1.200499999999991685, 0.05000000000000000278, -0.8020000000000344631 ) ) ;
#1133 = EDGE_CURVE ( 'NONE', #610, #880, #2340, .T. ) ;
#1134 = ORIENTED_EDGE ( 'NONE', *, *, #367, .F. ) ;
#1135 = PLANE ( 'NONE',  #403 ) ;
#1136 = CIRCLE ( 'NONE', #426, 0.8125000000000001110 ) ;
#1137 = ORIENTED_EDGE ( 'NONE', *, *, #120, .T. ) ;
#1138 = VERTEX_POINT ( 'NONE', #2511 ) ;
#1139 = CARTESIAN_POINT ( 'NONE',  ( 0.9145821259049210505, 1.027911707835015287, -1.524783818381989287 ) ) ;
#1140 = DIRECTION ( 'NONE',  ( 0.000000000000000000, 0.000000000000000000, 1.000000000000000000 ) ) ;
#1141 = CARTESIAN_POINT ( 'NONE',  ( 0.000000000000000000, 0.05000000000000000278, 0.7099999999999999645 ) ) ;
#1142 = ORIENTED_EDGE ( 'NONE', *, *, #822, .T. ) ;
#1143 = DIRECTION ( 'NONE',  ( 1.000000000000000000, 0.000000000000000000, 0.000000000000000000 ) ) ;
#1144 = CARTESIAN_POINT ( 'NONE',  ( -1.216666666666666341, 0.3300000000000001266, -1.404999999999998028 ) ) ;
#1145 = VERTEX_POINT ( 'NONE', #2031 ) ;
#1146 = FACE_OUTER_BOUND ( 'NONE', #985, .T. ) ;
#1147 = PRESENTATION_STYLE_ASSIGNMENT (( #1338 ) ) ;
#1148 = CARTESIAN_POINT ( 'NONE',  ( -0.4754999999999898197, 0.05000000000000000278, -4.957097432854290938E-15 ) ) ;
#1149 = CARTESIAN_POINT ( 'NONE',  ( 0.9299999999999996048, 0.8199999999999999512, 1.625000000000000000 ) ) ;
#1150 = ORIENTED_EDGE ( 'NONE', *, *, #1444, .F. ) ;
#1151 = CARTESIAN_POINT ( 'NONE',  ( 1.200500000000036538, 0.05000000000000000278, -1.251523757758545834E-14 ) ) ;
#1152 = CARTESIAN_POINT ( 'NONE',  ( 0.4755000000000250693, 0.05000000000000000278, -1.104000000000022075 ) ) ;
#1153 = PRESENTATION_LAYER_ASSIGNMENT (  '', '', ( #551 ) ) ;
#1154 = ORIENTED_EDGE ( 'NONE', *, *, #2519, .T. ) ;
#1155 = CARTESIAN_POINT ( 'NONE',  ( 0.9299999999999991607, 0.2600000000000000644, -1.625000000000000000 ) ) ;
#1156 = VERTEX_POINT ( 'NONE', #2316 ) ;
#1157 = ORIENTED_EDGE ( 'NONE', *, *, #1046, .F. ) ;
#1158 = AXIS2_PLACEMENT_3D ( 'NONE', #1155, #607, #2406 ) ;
#1159 = VECTOR ( 'NONE', #1711, 1000.000000000000000 ) ;
#1160 = ORIENTED_EDGE ( 'NONE', *, *, #1520, .F. ) ;
#1161 = ORIENTED_EDGE ( 'NONE', *, *, #587, .F. ) ;
#1162 = DIRECTION ( 'NONE',  ( -0.000000000000000000, -1.000000000000000000, 0.000000000000000000 ) ) ;
#1163 = EDGE_CURVE ( 'NONE', #1010, #1054, #2487, .T. ) ;
#1164 = CARTESIAN_POINT ( 'NONE',  ( -0.9300000000000000488, 0.8199999999999999512, -1.625000000000000000 ) ) ;
#1165 = VECTOR ( 'NONE', #1828, 1000.000000000000000 ) ;
#1166 = CARTESIAN_POINT ( 'NONE',  ( 0.000000000000000000, 2.348097038856279628, -1.104000000000022075 ) ) ;
#1167 = VERTEX_POINT ( 'NONE', #848 ) ;
#1168 = CLOSED_SHELL ( 'NONE', ( #972, #1325, #810, #2224 ) ) ;
#1169 = EDGE_CURVE ( 'NONE', #3148, #2036, #2441, .T. ) ;
#1170 = LINE ( 'NONE', #1031, #1176 ) ;
#1171 = DIRECTION ( 'NONE',  ( 0.000000000000000000, -0.000000000000000000, -1.000000000000000000 ) ) ;
#1172 = VERTEX_POINT ( 'NONE', #753 ) ;
#1173 = CARTESIAN_POINT ( 'NONE',  ( 0.000000000000000000, 0.05000000000000000278, -1.104000000000022075 ) ) ;
#1174 = EDGE_LOOP ( 'NONE', ( #1881, #2735, #738, #2854 ) ) ;
#1175 = DIRECTION ( 'NONE',  ( 1.000000000000000000, 0.000000000000000000, 0.000000000000000000 ) ) ;
#1176 = VECTOR ( 'NONE', #2059, 1000.000000000000000 ) ;
#1177 = ORIENTED_EDGE ( 'NONE', *, *, #2039, .F. ) ;
#1178 = ORIENTED_EDGE ( 'NONE', *, *, #2691, .T. ) ;
#1179 = DIRECTION ( 'NONE',  ( 0.000000000000000000, 0.000000000000000000, -1.000000000000000000 ) ) ;
#1180 = DIRECTION ( 'NONE',  ( 0.000000000000000000, -0.000000000000000000, -1.000000000000000000 ) ) ;
#1181 = VECTOR ( 'NONE', #2880, 1000.000000000000000 ) ;
#1182 = EDGE_CURVE ( 'NONE', #1145, #691, #274, .T. ) ;
#1183 = EDGE_LOOP ( 'NONE', ( #2796, #1095, #3234, #2945 ) ) ;
#1184 = CLOSED_SHELL ( 'NONE', ( #1694, #1120, #2035, #1846, #3059, #2313 ) ) ;
#1185 = DIRECTION ( 'NONE',  ( -1.000000000000000000, 0.000000000000000000, 0.000000000000000000 ) ) ;
#1186 = CARTESIAN_POINT ( 'NONE',  ( -0.9299999999999984945, 0.2300000000000000100, -1.625000000000000000 ) ) ;
#1187 =( BOUNDED_CURVE ( )  B_SPLINE_CURVE ( 3, ( #268, #1023, #1211, #1066 ),
 .UNSPECIFIED., .F., .F. ) 
 B_SPLINE_CURVE_WITH_KNOTS ( ( 4, 4 ),
 ( 0.000000000000000000, 1.570796326794896558 ),
 .UNSPECIFIED. ) 
 CURVE ( )  GEOMETRIC_REPRESENTATION_ITEM ( )  RATIONAL_B_SPLINE_CURVE ( ( 1.000000000000000000, 0.8047378541243649375, 0.8047378541243649375, 1.000000000000000000 ) ) 
 REPRESENTATION_ITEM ( '' )  );
#1188 = LINE ( 'NONE', #2012, #495 ) ;
#1189 = DIRECTION ( 'NONE',  ( 0.000000000000000000, 0.000000000000000000, -1.000000000000000000 ) ) ;
#1190 = VECTOR ( 'NONE', #1539, 1000.000000000000000 ) ;
#1191 = VERTEX_POINT ( 'NONE', #459 ) ;
#1192 = DIRECTION ( 'NONE',  ( 0.000000000000000000, 0.000000000000000000, 1.000000000000000000 ) ) ;
#1193 = ORIENTED_EDGE ( 'NONE', *, *, #200, .T. ) ;
#1194 = FACE_BOUND ( 'NONE', #2122, .T. ) ;
#1195 = AXIS2_PLACEMENT_3D ( 'NONE', #2202, #3096, #3119 ) ;
#1196 = VECTOR ( 'NONE', #3085, 1000.000000000000000 ) ;
#1197 = CARTESIAN_POINT ( 'NONE',  ( -0.4754999999999728888, 0.05000000000000000278, -1.624000000000037414 ) ) ;
#1198 = CARTESIAN_POINT ( 'NONE',  ( -1.149999999999999911, 0.2600000000000000644, 0.000000000000000000 ) ) ;
#1199 = CARTESIAN_POINT ( 'NONE',  ( 0.9299999999999996048, 0.2300000000000000100, -1.405000000000000027 ) ) ;
#1200 = ORIENTED_EDGE ( 'NONE', *, *, #1628, .T. ) ;
#1201 = CARTESIAN_POINT ( 'NONE',  ( 1.179999999999999716, 0.2600000000000000644, -1.404999999999996696 ) ) ;
#1202 = VERTEX_POINT ( 'NONE', #3017 ) ;
#1203 = VECTOR ( 'NONE', #77, 1000.000000000000000 ) ;
#1204 = AXIS2_PLACEMENT_3D ( 'NONE', #851, #2415, #2611 ) ;
#1205 = ORIENTED_EDGE ( 'NONE', *, *, #1591, .F. ) ;
#1206 = CARTESIAN_POINT ( 'NONE',  ( -1.149999999999999911, 0.8199999999999999512, -1.404999999999998472 ) ) ;
#1207 = EDGE_CURVE ( 'NONE', #1783, #902, #2491, .T. ) ;
#1208 = ADVANCED_FACE ( 'NONE', ( #329 ), #2359, .F. ) ;
#1209 = ORIENTED_EDGE ( 'NONE', *, *, #2732, .T. ) ;
#1210 = CARTESIAN_POINT ( 'NONE',  ( -0.9299999999999972733, 0.3300000000000001266, -1.625000000000000000 ) ) ;
#1211 = CARTESIAN_POINT ( 'NONE',  ( 1.042304473782994734, 1.080000000000000071, -1.388431457505076461 ) ) ;
#1212 = LINE ( 'NONE', #2398, #2300 ) ;
#1213 = CARTESIAN_POINT ( 'NONE',  ( 0.4755000000000281779, 0.000000000000000000, -0.8020000000000343521 ) ) ;
#1214 = CIRCLE ( 'NONE', #1477, 0.2199999999999999178 ) ;
#1215 = EDGE_CURVE ( 'NONE', #890, #684, #281, .T. ) ;
#1216 = ORIENTED_EDGE ( 'NONE', *, *, #2444, .T. ) ;
#1217 = LINE ( 'NONE', #2118, #1242 ) ;
#1218 = FILL_AREA_STYLE_COLOUR ( '', #1091 ) ;
#1219 = DIRECTION ( 'NONE',  ( 1.000000000000000000, 0.000000000000000000, 0.000000000000000000 ) ) ;
#1220 = CARTESIAN_POINT ( 'NONE',  ( 0.000000000000000000, 0.05000000000000012768, -0.1025000000000001604 ) ) ;
#1221 = VERTEX_POINT ( 'NONE', #3036 ) ;
#1222 = DIRECTION ( 'NONE',  ( 0.000000000000000000, 0.000000000000000000, -1.000000000000000000 ) ) ;
#1223 = VERTEX_POINT ( 'NONE', #2296 ) ;
#1224 = EDGE_CURVE ( 'NONE', #399, #1061, #2450, .T. ) ;
#1225 = CARTESIAN_POINT ( 'NONE',  ( -0.4754999999999783289, 0.000000000000000000, -1.104000000000037174 ) ) ;
#1226 = CIRCLE ( 'NONE', #2896, 0.03000000000000007869 ) ;
#1227 = LINE ( 'NONE', #1567, #44 ) ;
#1228 = AXIS2_PLACEMENT_3D ( 'NONE', #658, #2434, #958 ) ;
#1229 = ORIENTED_EDGE ( 'NONE', *, *, #2947, .F. ) ;
#1230 =( NAMED_UNIT ( * ) PLANE_ANGLE_UNIT ( ) SI_UNIT ( $, .RADIAN. ) );
#1231 = FACE_OUTER_BOUND ( 'NONE', #3160, .T. ) ;
#1232 = CARTESIAN_POINT ( 'NONE',  ( 0.8899999999999995692, 1.080000000000000071, -1.364999999999999991 ) ) ;
#1233 = PRODUCT_DEFINITION ( 'UNKNOWN', '', #554, #2714 ) ;
#1234 = CARTESIAN_POINT ( 'NONE',  ( -0.9299999999999997158, 0.3300000000000001266, 1.691666666666666208 ) ) ;
#1235 = EDGE_LOOP ( 'NONE', ( #2951, #156, #1941, #2888 ) ) ;
#1236 = DIRECTION ( 'NONE',  ( -0.000000000000000000, -1.000000000000000000, -0.000000000000000000 ) ) ;
#1237 = CARTESIAN_POINT ( 'NONE',  ( 0.000000000000000000, 0.05000000000000000278, -1.104000000000037174 ) ) ;
#1238 = EDGE_LOOP ( 'NONE', ( #2257, #2871, #2795, #68 ) ) ;
#1239 = STYLED_ITEM ( 'NONE', ( #1553 ), #232 ) ;
#1240 = DIRECTION ( 'NONE',  ( 1.000000000000000000, 0.000000000000000000, 0.000000000000000000 ) ) ;
#1241 = MANIFOLD_SOLID_BREP ( 'Boss-Extrude4[2]', #401 ) ;
#1242 = VECTOR ( 'NONE', #342, 1000.000000000000000 ) ;
#1243 = VERTEX_POINT ( 'NONE', #1728 ) ;
#1244 = DIRECTION ( 'NONE',  ( 1.000000000000000000, 0.000000000000000000, 0.000000000000000000 ) ) ;
#1245 = LINE ( 'NONE', #1626, #2394 ) ;
#1246 = EDGE_CURVE ( 'NONE', #1718, #740, #2219, .T. ) ;
#1247 = LINE ( 'NONE', #269, #215 ) ;
#1248 = EDGE_LOOP ( 'NONE', ( #2159, #1820, #2002, #793 ) ) ;
#1249 = CARTESIAN_POINT ( 'NONE',  ( 1.200500000000015888, 2.348097038856279628, -1.251523757758524062E-14 ) ) ;
#1250 = CIRCLE ( 'NONE', #296, 0.8125000000000001110 ) ;
#1251 = CARTESIAN_POINT ( 'NONE',  ( 0.9299999999999967182, 0.2600000000000000644, 1.625000000000000000 ) ) ;
#1252 = ORIENTED_EDGE ( 'NONE', *, *, #396, .T. ) ;
#1253 = CIRCLE ( 'NONE', #970, 0.5124999999999999556 ) ;
#1254 = FACE_OUTER_BOUND ( 'NONE', #15, .T. ) ;
#1255 = EDGE_CURVE ( 'NONE', #660, #1769, #18, .T. ) ;
#1256 = DIRECTION ( 'NONE',  ( 0.000000000000000000, -1.000000000000000000, 0.000000000000000000 ) ) ;
#1257 = DIRECTION ( 'NONE',  ( 0.000000000000000000, 0.000000000000000000, -1.000000000000000000 ) ) ;
#1258 = CARTESIAN_POINT ( 'NONE',  ( -1.325000000000000400, 0.000000000000000000, 1.750000000000000000 ) ) ;
#1259 = ADVANCED_FACE ( 'NONE', ( #2245 ), #2250, .T. ) ;
#1260 = EDGE_LOOP ( 'NONE', ( #1991, #838, #777, #1067 ) ) ;
#1261 = CYLINDRICAL_SURFACE ( 'NONE', #90, 0.03000000000000007869 ) ;
#1262 = CARTESIAN_POINT ( 'NONE',  ( 0.4755000000000196292, 0.000000000000000000, -1.624000000000022093 ) ) ;
#1263 = CARTESIAN_POINT ( 'NONE',  ( 1.990051048614448869E-17, 0.000000000000000000, 0.8724999999999999423 ) ) ;
#1264 = FACE_OUTER_BOUND ( 'NONE', #2969, .T. ) ;
#1265 = AXIS2_PLACEMENT_3D ( 'NONE', #3199, #2687, #1305 ) ;
#1266 = CIRCLE ( 'NONE', #2952, 0.1625000000000000056 ) ;
#1267 = CARTESIAN_POINT ( 'NONE',  ( -1.180000000000000160, 0.2600000000000000644, 1.405000000000005134 ) ) ;
#1268 = CARTESIAN_POINT ( 'NONE',  ( 0.000000000000000000, 0.05000000000000000278, 0.000000000000000000 ) ) ;
#1269 = CARTESIAN_POINT ( 'NONE',  ( 1.200500000000012779, 0.05000000000000000278, -0.2820000000000429941 ) ) ;
#1270 = LINE ( 'NONE', #1487, #1281 ) ;
#1271 = DIRECTION ( 'NONE',  ( 0.000000000000000000, -1.000000000000000000, 0.000000000000000000 ) ) ;
#1272 = DIRECTION ( 'NONE',  ( 0.000000000000000000, 0.000000000000000000, -1.000000000000000000 ) ) ;
#1273 = AXIS2_PLACEMENT_3D ( 'NONE', #283, #2209, #405 ) ;
#1274 = VECTOR ( 'NONE', #2882, 1000.000000000000000 ) ;
#1275 = VECTOR ( 'NONE', #494, 1000.000000000000000 ) ;
#1276 = AXIS2_PLACEMENT_3D ( 'NONE', #236, #3219, #1658 ) ;
#1277 = DIRECTION ( 'NONE',  ( 0.000000000000000000, 0.000000000000000000, -1.000000000000000000 ) ) ;
#1278 = PRODUCT ( 'MP23ABS1', 'MP23ABS1', '', ( #2546 ) ) ;
#1279 = VECTOR ( 'NONE', #895, 1000.000000000000000 ) ;
#1280 = CARTESIAN_POINT ( 'NONE',  ( 1.200500000000025214, 0.000000000000000000, -1.104000000000022075 ) ) ;
#1281 = VECTOR ( 'NONE', #2689, 1000.000000000000000 ) ;
#1282 = DIRECTION ( 'NONE',  ( 0.000000000000000000, 0.000000000000000000, -1.000000000000000000 ) ) ;
#1283 = EDGE_CURVE ( 'NONE', #2036, #1054, #100, .T. ) ;
#1284 = DIRECTION ( 'NONE',  ( -1.000000000000000000, 0.000000000000000000, 0.000000000000000000 ) ) ;
#1285 = VECTOR ( 'NONE', #2436, 1000.000000000000000 ) ;
#1286 = PLANE ( 'NONE',  #460 ) ;
#1287 = EDGE_CURVE ( 'NONE', #2550, #1191, #1188, .T. ) ;
#1288 = CYLINDRICAL_SURFACE ( 'NONE', #1571, 0.2600000000000000089 ) ;
#1289 = CARTESIAN_POINT ( 'NONE',  ( 1.324999999999999512, 0.2300000000000000100, 1.750000000000000000 ) ) ;
#1290 = CARTESIAN_POINT ( 'NONE',  ( 0.000000000000000000, 0.000000000000000000, 0.1974999999999999811 ) ) ;
#1291 = LINE ( 'NONE', #803, #181 ) ;
#1292 = CARTESIAN_POINT ( 'NONE',  ( -0.9240387295058689610, 1.080000000000000071, -1.370236727616288119 ) ) ;
#1293 = CARTESIAN_POINT ( 'NONE',  ( -1.149999999999999911, 0.2600000000000000644, 1.404999999999997140 ) ) ;
#1294 = LINE ( 'NONE', #1903, #2352 ) ;
#1295 = EDGE_CURVE ( 'NONE', #1138, #1004, #2715, .T. ) ;
#1296 = CARTESIAN_POINT ( 'NONE',  ( -1.200499999999972811, 0.05000000000000000278, -1.624000000000037414 ) ) ;
#1297 = VECTOR ( 'NONE', #3110, 1000.000000000000000 ) ;
#1298 = CARTESIAN_POINT ( 'NONE',  ( 0.000000000000000000, 0.000000000000000000, 0.7099999999999999645 ) ) ;
#1299 =( BOUNDED_SURFACE ( )  B_SPLINE_SURFACE ( 3, 2, ( 
 ( #1595, #1559, #1421 ),
 ( #2411, #2182, #2396 ),
 ( #138, #1637, #1889 ),
 ( #2925, #1857, #2428 ),
 ( #1931, #2105, #2378 ),
 ( #1139, #2130, #2624 ),
 ( #2572, #2589, #3123 ),
 ( #2865, #2156, #1613 ),
 ( #3174, #162, #206 ),
 ( #573, #891, #1391 ) ),
 .UNSPECIFIED., .F., .F., .F. ) 
 B_SPLINE_SURFACE_WITH_KNOTS ( ( 4, 2, 2, 2, 4 ),
 ( 3, 3 ),
 ( 6.283185307179586232, 6.675884388878310816, 7.068583470577034511, 7.461282552275758206, 7.853981633974482790 ),
 ( 0.000000000000000000, 1.000000000000000000 ),
 .UNSPECIFIED. ) 
 GEOMETRIC_REPRESENTATION_ITEM ( )  RATIONAL_B_SPLINE_SURFACE ( (
 ( 1.000000000000000000, 0.7071067811865473507, 1.000000000000000000),
 ( 1.000000000000000000, 0.7066641704626818177, 1.000000000000000000),
 ( 1.000000000000000000, 0.7265671660862564885, 1.000000000000000000),
 ( 1.000000000000000000, 0.7876630736109476727, 1.000000000000000000),
 ( 1.000000000000000000, 0.8282475386265257811, 1.000000000000000000),
 ( 1.000000000000000000, 0.9038032689423507460, 1.000000000000000000),
 ( 1.000000000000000000, 0.9386593608469910865, 1.000000000000000000),
 ( 1.000000000000000000, 0.9867254789153212524, 1.000000000000000000),
 ( 1.000000000000000000, 1.000161367428748838, 1.000000000000000000),
 ( 1.000000000000000000, 1.000000000000000000, 1.000000000000000000) ) ) 
 REPRESENTATION_ITEM ( '' )  SURFACE ( )  );
#1300 = STYLED_ITEM ( 'NONE', ( #1147 ), #2439 ) ;
#1301 = CARTESIAN_POINT ( 'NONE',  ( 2.108586294075512928E-17, 0.05000000000000000278, -0.2820000000000342233 ) ) ;
#1302 = ADVANCED_FACE ( 'NONE', ( #1663 ), #263, .T. ) ;
#1303 = AXIS2_PLACEMENT_3D ( 'NONE', #3210, #962, #2220 ) ;
#1304 = APPLICATION_CONTEXT ( 'automotive_design' ) ;
#1305 = DIRECTION ( 'NONE',  ( 1.000000000000000000, 0.000000000000000000, -0.000000000000000000 ) ) ;
#1306 = CARTESIAN_POINT ( 'NONE',  ( 0.000000000000000000, 0.05000000000000000278, -1.104000000000037174 ) ) ;
#1307 = DIRECTION ( 'NONE',  ( -0.000000000000000000, -1.000000000000000000, 0.000000000000000000 ) ) ;
#1308 = FACE_OUTER_BOUND ( 'NONE', #2855, .T. ) ;
#1309 = EDGE_CURVE ( 'NONE', #2263, #1116, #1589, .T. ) ;
#1310 = CARTESIAN_POINT ( 'NONE',  ( 1.149999999999999467, 0.2600000000000000644, 1.404999999999999583 ) ) ;
#1311 = UNCERTAINTY_MEASURE_WITH_UNIT (LENGTH_MEASURE( 1.000000000000000082E-05 ), #950, 'distance_accuracy_value', 'NONE');
#1312 = FACE_OUTER_BOUND ( 'NONE', #599, .T. ) ;
#1313 = EDGE_CURVE ( 'NONE', #1061, #3179, #2662, .T. ) ;
#1314 = CARTESIAN_POINT ( 'NONE',  ( -1.149999999999999911, 0.8540379109755191767, 1.404999979550914713 ) ) ;
#1315 = CARTESIAN_POINT ( 'NONE',  ( -0.4754999999999849347, 0.05000000000000000278, -0.8020000000000372387 ) ) ;
#1316 = CYLINDRICAL_SURFACE ( 'NONE', #39, 0.06666666666666626329 ) ;
#1317 = CARTESIAN_POINT ( 'NONE',  ( 0.9299999999999979394, 0.8200000000000003952, 1.625000000000000000 ) ) ;
#1318 = DIRECTION ( 'NONE',  ( 1.000000000000000000, 0.000000000000000000, 0.000000000000000000 ) ) ;
#1319 = CARTESIAN_POINT ( 'NONE',  ( -0.9299999999999987166, 0.2600000000000000644, -1.655000000000000027 ) ) ;
#1320 = CIRCLE ( 'NONE', #690, 0.1000000000000000472 ) ;
#1321 = DIRECTION ( 'NONE',  ( 0.000000000000000000, 0.000000000000000000, -1.000000000000000000 ) ) ;
#1322 = CARTESIAN_POINT ( 'NONE',  ( -0.9727386907803707849, 1.073246512625022131, -1.447738690780368209 ) ) ;
#1323 = CARTESIAN_POINT ( 'NONE',  ( 0.9299999999999961631, 0.3300000000000001266, 1.691666666666666208 ) ) ;
#1324 = EDGE_CURVE ( 'NONE', #1778, #3244, #2690, .T. ) ;
#1325 = ADVANCED_FACE ( 'NONE', ( #2755 ), #2745, .T. ) ;
#1326 = DIRECTION ( 'NONE',  ( -1.000000000000000000, 0.000000000000000000, -4.774838794012092449E-14 ) ) ;
#1327 = LINE ( 'NONE', #715, #204 ) ;
#1328 = ADVANCED_FACE ( 'NONE', ( #2702 ), #706, .T. ) ;
#1329 = SURFACE_SIDE_STYLE ('',( #2189 ) ) ;
#1330 = CIRCLE ( 'NONE', #2451, 0.2406896551724138078 ) ;
#1331 = AXIS2_PLACEMENT_3D ( 'NONE', #2615, #3158, #196 ) ;
#1332 = DIRECTION ( 'NONE',  ( 0.000000000000000000, 0.000000000000000000, 1.000000000000000000 ) ) ;
#1333 = CARTESIAN_POINT ( 'NONE',  ( 0.4755000000000281779, 0.000000000000000000, -0.8020000000000343521 ) ) ;
#1334 = CARTESIAN_POINT ( 'NONE',  ( -1.325000000000000400, 0.2300000000000000100, -1.750000000000000000 ) ) ;
#1335 = CARTESIAN_POINT ( 'NONE',  ( -0.4754999999999728888, 2.348097038856279628, -1.624000000000037414 ) ) ;
#1336 = DIRECTION ( 'NONE',  ( -1.000000000000000000, 0.000000000000000000, 0.000000000000000000 ) ) ;
#1337 = VECTOR ( 'NONE', #2302, 1000.000000000000000 ) ;
#1338 = SURFACE_STYLE_USAGE ( .BOTH. , #1803 ) ;
#1339 = CARTESIAN_POINT ( 'NONE',  ( 0.000000000000000000, 0.000000000000000000, 0.000000000000000000 ) ) ;
#1340 = CARTESIAN_POINT ( 'NONE',  ( -0.9101444873642254851, 1.047185192899471540, -1.495939167867463837 ) ) ;
#1341 = EDGE_CURVE ( 'NONE', #2809, #977, #508, .T. ) ;
#1342 = CARTESIAN_POINT ( 'NONE',  ( -0.6250000000000004441, 0.6971572875253806423, -1.200000000000000178 ) ) ;
#1343 = SURFACE_STYLE_FILL_AREA ( #2256 ) ;
#1344 = CARTESIAN_POINT ( 'NONE',  ( 0.8899999999999995692, 1.080000000000000071, -1.364999999999999991 ) ) ;
#1345 = EDGE_CURVE ( 'NONE', #748, #660, #2677, .T. ) ;
#1346 = FACE_OUTER_BOUND ( 'NONE', #1674, .T. ) ;
#1347 = LINE ( 'NONE', #2798, #353 ) ;
#1348 = DIRECTION ( 'NONE',  ( 0.000000000000000000, -1.000000000000000000, 0.000000000000000000 ) ) ;
#1349 = CARTESIAN_POINT ( 'NONE',  ( -0.4754999999999849347, 0.000000000000000000, -0.8020000000000372387 ) ) ;
#1350 = CARTESIAN_POINT ( 'NONE',  ( -1.117185644326246230, 0.9509380780268221756, 1.399951637588653375 ) ) ;
#1351 = FILL_AREA_STYLE_COLOUR ( '', #287 ) ;
#1352 = SURFACE_STYLE_FILL_AREA ( #951 ) ;
#1353 = CYLINDRICAL_SURFACE ( 'NONE', #53, 0.2199999999999999178 ) ;
#1354 =( NAMED_UNIT ( * ) SI_UNIT ( $, .STERADIAN. ) SOLID_ANGLE_UNIT ( ) );
#1355 = CARTESIAN_POINT ( 'NONE',  ( 1.149999999999999467, 6.141519810323690542, 1.404999999999998250 ) ) ;
#1356 = DIRECTION ( 'NONE',  ( -1.000000000000000000, 0.000000000000000000, -2.939855890778051341E-14 ) ) ;
#1357 = ADVANCED_BREP_SHAPE_REPRESENTATION ( 'MP23ABS1', ( #2439, #1554, #2319, #1241, #232, #247, #648, #3183, #2958 ), #901 ) ;
#1358 = LINE ( 'NONE', #577, #1369 ) ;
#1359 = VECTOR ( 'NONE', #12, 1000.000000000000000 ) ;
#1360 = EDGE_CURVE ( 'NONE', #1744, #1032, #2751, .T. ) ;
#1361 = CARTESIAN_POINT ( 'NONE',  ( 0.000000000000000000, 0.2300000000000000100, 0.000000000000000000 ) ) ;
#1362 = CARTESIAN_POINT ( 'NONE',  ( 0.000000000000000000, 0.05000000000000000278, -1.624000000000037414 ) ) ;
#1363 = CARTESIAN_POINT ( 'NONE',  ( -0.8899999999999999023, 1.080000000000000071, 1.404999999999998472 ) ) ;
#1364 = DIRECTION ( 'NONE',  ( 0.000000000000000000, -1.000000000000000000, 0.000000000000000000 ) ) ;
#1365 = AXIS2_PLACEMENT_3D ( 'NONE', #1688, #2503, #922 ) ;
#1366 = VECTOR ( 'NONE', #41, 1000.000000000000000 ) ;
#1367 = AXIS2_PLACEMENT_3D ( 'NONE', #2419, #2614, #904 ) ;
#1368 = PLANE ( 'NONE',  #2399 ) ;
#1369 = VECTOR ( 'NONE', #1563, 1000.000000000000000 ) ;
#1370 = ADVANCED_FACE ( 'NONE', ( #530 ), #2462, .T. ) ;
#1371 = VECTOR ( 'NONE', #2680, 1000.000000000000000 ) ;
#1372 = AXIS2_PLACEMENT_3D ( 'NONE', #2573, #2132, #2397 ) ;
#1373 = DIRECTION ( 'NONE',  ( 0.000000000000000000, 0.000000000000000000, -1.000000000000000000 ) ) ;
#1374 = CARTESIAN_POINT ( 'NONE',  ( 0.4755000000000196292, 0.05000000000000000278, -1.624000000000022093 ) ) ;
#1375 = VECTOR ( 'NONE', #2711, 1000.000000000000000 ) ;
#1376 = AXIS2_PLACEMENT_3D ( 'NONE', #1085, #2971, #746 ) ;
#1377 = DIRECTION ( 'NONE',  ( -1.000000000000000000, 0.000000000000000000, -7.477256361968996479E-17 ) ) ;
#1378 = CYLINDRICAL_SURFACE ( 'NONE', #1050, 0.1000000000000000472 ) ;
#1379 = CYLINDRICAL_SURFACE ( 'NONE', #3076, 0.1000000000000000472 ) ;
#1380 = DIRECTION ( 'NONE',  ( -1.000000000000000000, 0.000000000000000000, 0.000000000000000000 ) ) ;
#1381 = CARTESIAN_POINT ( 'NONE',  ( 0.9249516375886528419, 0.9509380780268221756, 1.592185644326246097 ) ) ;
#1382 = EDGE_CURVE ( 'NONE', #2904, #2984, #568, .T. ) ;
#1383 = CARTESIAN_POINT ( 'NONE',  ( 0.8899999999999995692, 1.080000000000000071, 1.364999999999999991 ) ) ;
#1384 = DIRECTION ( 'NONE',  ( 0.000000000000000000, -0.000000000000000000, -1.000000000000000000 ) ) ;
#1385 = CARTESIAN_POINT ( 'NONE',  ( -0.9299999999999997158, 0.2600000000000000644, 1.625000000000000000 ) ) ;
#1386 = CIRCLE ( 'NONE', #1737, 0.1000000000000000472 ) ;
#1387 = CYLINDRICAL_SURFACE ( 'NONE', #1488, 0.06666666666666626329 ) ;
#1388 = EDGE_CURVE ( 'NONE', #1202, #3129, #608, .T. ) ;
#1389 = DIRECTION ( 'NONE',  ( -0.000000000000000000, -1.000000000000000000, -0.000000000000000000 ) ) ;
#1390 = FACE_OUTER_BOUND ( 'NONE', #78, .T. ) ;
#1391 = CARTESIAN_POINT ( 'NONE',  ( 0.8899999999999989031, 1.080000000000000071, -1.364999999999999991 ) ) ;
#1392 = CARTESIAN_POINT ( 'NONE',  ( -0.6250000000000004441, 1.080000000000000071, -1.000000000000000000 ) ) ;
#1393 = CARTESIAN_POINT ( 'NONE',  ( -1.149999999999999911, 0.8540379109755191767, -1.404999979550914713 ) ) ;
#1394 = DIRECTION ( 'NONE',  ( -1.000000000000000000, 0.000000000000000000, -0.000000000000000000 ) ) ;
#1395 = CIRCLE ( 'NONE', #133, 0.03000000000000007869 ) ;
#1396 = PLANE ( 'NONE',  #2619 ) ;
#1397 = AXIS2_PLACEMENT_3D ( 'NONE', #1268, #2321, #447 ) ;
#1398 = LINE ( 'NONE', #662, #1375 ) ;
#1399 = FILL_AREA_STYLE_COLOUR ( '', #2247 ) ;
#1400 = DIRECTION ( 'NONE',  ( 0.000000000000000000, 0.000000000000000000, -1.000000000000000000 ) ) ;
#1401 = AXIS2_PLACEMENT_3D ( 'NONE', #1983, #2192, #1 ) ;
#1402 = DIRECTION ( 'NONE',  ( 0.000000000000000000, 0.000000000000000000, -1.000000000000000000 ) ) ;
#1403 = VECTOR ( 'NONE', #1989, 1000.000000000000000 ) ;
#1404 = AXIS2_PLACEMENT_3D ( 'NONE', #1551, #366, #1128 ) ;
#1405 = CARTESIAN_POINT ( 'NONE',  ( -0.4755000000000038640, 0.000000000000000000, -1.120304019825096509E-14 ) ) ;
#1406 = DIRECTION ( 'NONE',  ( 1.042502088928369515E-14, 0.000000000000000000, -1.000000000000000000 ) ) ;
#1407 = CIRCLE ( 'NONE', #1015, 0.03000000000000007869 ) ;
#1408 = EDGE_CURVE ( 'NONE', #6, #2801, #2694, .T. ) ;
#1409 = PLANE ( 'NONE',  #2243 ) ;
#1410 = LINE ( 'NONE', #613, #307 ) ;
#1411 = DIRECTION ( 'NONE',  ( -1.000000000000000000, 0.000000000000000000, -7.477256361968996479E-17 ) ) ;
#1412 = EDGE_CURVE ( 'NONE', #1783, #2188, #555, .T. ) ;
#1413 = VECTOR ( 'NONE', #1528, 1000.000000000000000 ) ;
#1414 = DIRECTION ( 'NONE',  ( 0.000000000000000000, 0.000000000000000000, -1.000000000000000000 ) ) ;
#1415 = CARTESIAN_POINT ( 'NONE',  ( -0.4754999999999728888, 0.05000000000000012768, -1.624000000000037414 ) ) ;
#1416 = VECTOR ( 'NONE', #1284, 1000.000000000000000 ) ;
#1417 = EDGE_CURVE ( 'NONE', #3137, #2810, #1633, .T. ) ;
#1418 = CARTESIAN_POINT ( 'NONE',  ( -1.200499999999991685, 0.000000000000000000, -0.8020000000000344631 ) ) ;
#1419 = DIRECTION ( 'NONE',  ( 0.000000000000000000, -1.000000000000000000, 0.000000000000000000 ) ) ;
#1420 = AXIS2_PLACEMENT_3D ( 'NONE', #1148, #303, #2141 ) ;
#1421 = CARTESIAN_POINT ( 'NONE',  ( 1.149999999999999467, 0.8199999999999999512, -1.405000000000000027 ) ) ;
#1422 = CARTESIAN_POINT ( 'NONE',  ( 1.200500000000036538, 0.000000000000000000, -1.251523757758545834E-14 ) ) ;
#1423 = DIRECTION ( 'NONE',  ( 0.000000000000000000, 0.000000000000000000, -1.000000000000000000 ) ) ;
#1424 = CYLINDRICAL_SURFACE ( 'NONE', #805, 0.03000000000000007869 ) ;
#1425 = FACE_OUTER_BOUND ( 'NONE', #1441, .T. ) ;
#1426 = LINE ( 'NONE', #2272, #1403 ) ;
#1427 = DIRECTION ( 'NONE',  ( 1.000000000000000000, 0.000000000000000000, 0.000000000000000000 ) ) ;
#1428 = CARTESIAN_POINT ( 'NONE',  ( 1.149999999999999467, 0.3300000000000001266, -1.404999999999996918 ) ) ;
#1429 = DIRECTION ( 'NONE',  ( 0.000000000000000000, 0.000000000000000000, -1.000000000000000000 ) ) ;
#1430 = CARTESIAN_POINT ( 'NONE',  ( -0.9299999999999972733, 0.3300000000000001266, -1.691666666666666208 ) ) ;
#1431 = FACE_OUTER_BOUND ( 'NONE', #2030, .T. ) ;
#1432 = AXIS2_PLACEMENT_3D ( 'NONE', #1009, #56, #288 ) ;
#1433 = DIRECTION ( 'NONE',  ( 0.000000000000000000, 0.000000000000000000, -1.000000000000000000 ) ) ;
#1434 = DIRECTION ( 'NONE',  ( 0.000000000000000000, -1.000000000000000000, 0.000000000000000000 ) ) ;
#1435 = EDGE_CURVE ( 'NONE', #2550, #2897, #2700, .T. ) ;
#1436 = CARTESIAN_POINT ( 'NONE',  ( 0.000000000000000000, 2.348097038856279628, 0.7099999999999999645 ) ) ;
#1437 = FACE_OUTER_BOUND ( 'NONE', #1960, .T. ) ;
#1438 = DIRECTION ( 'NONE',  ( 0.000000000000000000, 1.000000000000000000, 0.000000000000000000 ) ) ;
#1439 = EDGE_CURVE ( 'NONE', #1221, #71, #603, .T. ) ;
#1440 = SHAPE_DEFINITION_REPRESENTATION ( #1657, #1357 ) ;
#1441 = EDGE_LOOP ( 'NONE', ( #2588, #2327, #1510, #1500 ) ) ;
#1442 = SURFACE_SIDE_STYLE ('',( #3195 ) ) ;
#1443 = DIRECTION ( 'NONE',  ( 1.000000000000000000, 0.000000000000000000, 0.000000000000000000 ) ) ;
#1444 = EDGE_CURVE ( 'NONE', #1116, #2879, #515, .T. ) ;
#1445 = DIRECTION ( 'NONE',  ( 0.000000000000000000, 0.000000000000000000, -1.000000000000000000 ) ) ;
#1446 = LINE ( 'NONE', #266, #1480 ) ;
#1447 = ADVANCED_FACE ( 'NONE', ( #1593 ), #543, .T. ) ;
#1448 = AXIS2_PLACEMENT_3D ( 'NONE', #1627, #229, #428 ) ;
#1449 = DIRECTION ( 'NONE',  ( 0.000000000000000000, -0.000000000000000000, -1.000000000000000000 ) ) ;
#1450 = ORIENTED_EDGE ( 'NONE', *, *, #2654, .T. ) ;
#1451 = CARTESIAN_POINT ( 'NONE',  ( -0.8899999999999993472, 1.080000000000000071, 1.364999999999999991 ) ) ;
#1452 = DIRECTION ( 'NONE',  ( 0.000000000000000000, 0.000000000000000000, -1.000000000000000000 ) ) ;
#1453 = FACE_OUTER_BOUND ( 'NONE', #1248, .T. ) ;
#1454 = AXIS2_PLACEMENT_3D ( 'NONE', #304, #2516, #1452 ) ;
#1455 = CARTESIAN_POINT ( 'NONE',  ( 0.000000000000000000, 0.000000000000000000, 0.7099999999999999645 ) ) ;
#1456 = AXIS2_PLACEMENT_3D ( 'NONE', #1301, #3079, #1112 ) ;
#1457 = VECTOR ( 'NONE', #678, 1000.000000000000000 ) ;
#1458 = DIRECTION ( 'NONE',  ( 1.000000000000000000, 0.000000000000000000, -1.211315530639012344E-14 ) ) ;
#1459 = DIRECTION ( 'NONE',  ( -1.000000000000000000, 0.000000000000000000, -7.228014483236677820E-15 ) ) ;
#1460 = DIRECTION ( 'NONE',  ( 1.000000000000000000, 0.000000000000000000, 0.000000000000000000 ) ) ;
#1461 = AXIS2_PLACEMENT_3D ( 'NONE', #2636, #546, #2607 ) ;
#1462 = FACE_OUTER_BOUND ( 'NONE', #689, .T. ) ;
#1463 = CARTESIAN_POINT ( 'NONE',  ( -1.180000000000000160, 0.2600000000000000644, 1.404999999999997140 ) ) ;
#1464 = CARTESIAN_POINT ( 'NONE',  ( -0.8899999999999999023, 1.080000000000000071, 1.364999999999999991 ) ) ;
#1465 = EDGE_CURVE ( 'NONE', #2933, #3139, #1672, .T. ) ;
#1466 = ADVANCED_FACE ( 'NONE', ( #499 ), #493, .T. ) ;
#1467 = CARTESIAN_POINT ( 'NONE',  ( -0.9240387295058689610, 1.080000000000000071, 1.370236727616288119 ) ) ;
#1468 = DIRECTION ( 'NONE',  ( -0.000000000000000000, -1.000000000000000000, -0.000000000000000000 ) ) ;
#1469 = ORIENTED_EDGE ( 'NONE', *, *, #2013, .F. ) ;
#1470 = EDGE_CURVE ( 'NONE', #2046, #1048, #1611, .T. ) ;
#1471 = CARTESIAN_POINT ( 'NONE',  ( -0.9300000000000000488, 0.8199999999999999512, -1.405000000000000027 ) ) ;
#1472 = DIRECTION ( 'NONE',  ( 2.939855890778051341E-14, 0.000000000000000000, -1.000000000000000000 ) ) ;
#1473 = FACE_OUTER_BOUND ( 'NONE', #1017, .T. ) ;
#1474 = CARTESIAN_POINT ( 'NONE',  ( -0.6250000000000004441, 1.080000000000000071, -1.000000000000000000 ) ) ;
#1475 = VERTEX_POINT ( 'NONE', #535 ) ;
#1476 = CARTESIAN_POINT ( 'NONE',  ( 1.149999999999999467, 0.2300000000000000100, -1.404999999999998472 ) ) ;
#1477 = AXIS2_PLACEMENT_3D ( 'NONE', #489, #148, #2782 ) ;
#1478 = DIRECTION ( 'NONE',  ( -1.000000000000000000, -0.000000000000000000, -0.000000000000000000 ) ) ;
#1479 = DIRECTION ( 'NONE',  ( -0.000000000000000000, -1.000000000000000000, -0.000000000000000000 ) ) ;
#1480 = VECTOR ( 'NONE', #730, 1000.000000000000000 ) ;
#1481 = CARTESIAN_POINT ( 'NONE',  ( -0.9727386907803707849, 1.073246512625023241, 1.447738690780368209 ) ) ;
#1482 = ADVANCED_FACE ( 'NONE', ( #1583 ), #1999, .F. ) ;
#1483 = SURFACE_STYLE_USAGE ( .BOTH. , #996 ) ;
#1484 = DIRECTION ( 'NONE',  ( 0.000000000000000000, 0.000000000000000000, -1.000000000000000000 ) ) ;
#1485 = VECTOR ( 'NONE', #2995, 1000.000000000000000 ) ;
#1486 = CARTESIAN_POINT ( 'NONE',  ( -0.9580562169623823010, 1.073232164006397982, -1.375470187224982155 ) ) ;
#1487 = CARTESIAN_POINT ( 'NONE',  ( 0.000000000000000000, 0.05000000000000000278, -1.624000000000022093 ) ) ;
#1488 = AXIS2_PLACEMENT_3D ( 'NONE', #445, #2857, #2647 ) ;
#1489 = ADVANCED_FACE ( 'NONE', ( #1681, #1678 ), #2367, .T. ) ;
#1490 = ADVANCED_FACE ( 'NONE', ( #545 ), #285, .T. ) ;
#1491 = CIRCLE ( 'NONE', #1514, 0.06666666666666626329 ) ;
#1492 = SURFACE_STYLE_USAGE ( .BOTH. , #1442 ) ;
#1493 = EDGE_CURVE ( 'NONE', #2292, #190, #612, .T. ) ;
#1494 = TOROIDAL_SURFACE ( 'NONE', #1916, 0.2866666666666661811, 0.06666666666666624941 ) ;
#1495 = DIRECTION ( 'NONE',  ( 0.000000000000000000, 0.000000000000000000, -1.000000000000000000 ) ) ;
#1496 = EDGE_CURVE ( 'NONE', #1032, #1908, #1629, .T. ) ;
#1497 = EDGE_LOOP ( 'NONE', ( #116, #717, #1912, #1200 ) ) ;
#1498 = DIRECTION ( 'NONE',  ( 1.042502088928369515E-14, 0.000000000000000000, -1.000000000000000000 ) ) ;
#1499 = EDGE_CURVE ( 'NONE', #1908, #2810, #2740, .T. ) ;
#1500 = ORIENTED_EDGE ( 'NONE', *, *, #3097, .F. ) ;
#1501 = CARTESIAN_POINT ( 'NONE',  ( -1.020939167867465081, 1.047185192899470874, -1.385144487364224908 ) ) ;
#1502 = CARTESIAN_POINT ( 'NONE',  ( -9.714750555725226095E-15, 0.000000000000000000, -0.8020000000000285789 ) ) ;
#1503 = EDGE_CURVE ( 'NONE', #1041, #610, #2923, .T. ) ;
#1504 = ORIENTED_EDGE ( 'NONE', *, *, #1465, .F. ) ;
#1505 = DIRECTION ( 'NONE',  ( 0.000000000000000000, 0.000000000000000000, -1.000000000000000000 ) ) ;
#1506 = ADVANCED_FACE ( 'NONE', ( #580 ), #2672, .T. ) ;
#1507 = LINE ( 'NONE', #2979, #2605 ) ;
#1508 = AXIS2_PLACEMENT_3D ( 'NONE', #1173, #1400, #1587 ) ;
#1509 = CARTESIAN_POINT ( 'NONE',  ( 0.000000000000000000, 0.000000000000000000, -1.104000000000022075 ) ) ;
#1510 = ORIENTED_EDGE ( 'NONE', *, *, #2932, .F. ) ;
#1511 = DIRECTION ( 'NONE',  ( 0.000000000000000000, 0.000000000000000000, 1.000000000000000000 ) ) ;
#1512 = CARTESIAN_POINT ( 'NONE',  ( 1.149999999999999467, 0.8200000000000003952, 1.404999999999998250 ) ) ;
#1513 = DIRECTION ( 'NONE',  ( 0.000000000000000000, 0.000000000000000000, 1.000000000000000000 ) ) ;
#1514 = AXIS2_PLACEMENT_3D ( 'NONE', #816, #2725, #64 ) ;
#1515 = DIRECTION ( 'NONE',  ( -1.000000000000000000, 0.000000000000000000, 0.000000000000000000 ) ) ;
#1516 = DIRECTION ( 'NONE',  ( 1.000000000000000000, 0.000000000000000000, 0.000000000000000000 ) ) ;
#1517 = DIRECTION ( 'NONE',  ( -1.042502088928369515E-14, 0.000000000000000000, 1.000000000000000000 ) ) ;
#1518 = LINE ( 'NONE', #2049, #365 ) ;
#1519 = CARTESIAN_POINT ( 'NONE',  ( 0.9299999999999996048, 0.3300000000000001266, 1.405000000000000027 ) ) ;
#1520 = EDGE_CURVE ( 'NONE', #2809, #615, #1599, .T. ) ;
#1521 = FILL_AREA_STYLE_COLOUR ( '', #2125 ) ;
#1522 = ADVANCED_FACE ( 'NONE', ( #2721 ), #1600, .T. ) ;
#1523 = LINE ( 'NONE', #867, #2634 ) ;
#1524 = EDGE_CURVE ( 'NONE', #707, #3213, #141, .T. ) ;
#1525 =( NAMED_UNIT ( * ) PLANE_ANGLE_UNIT ( ) SI_UNIT ( $, .RADIAN. ) );
#1526 = DIRECTION ( 'NONE',  ( 0.000000000000000000, -1.000000000000000000, 0.000000000000000000 ) ) ;
#1527 = ADVANCED_FACE ( 'NONE', ( #1605 ), #2579, .T. ) ;
#1528 = DIRECTION ( 'NONE',  ( -1.042502088928369515E-14, 0.000000000000000000, 1.000000000000000000 ) ) ;
#1529 = FILL_AREA_STYLE ('',( #3060 ) ) ;
#1530 = VECTOR ( 'NONE', #277, 1000.000000000000000 ) ;
#1531 = CARTESIAN_POINT ( 'NONE',  ( 1.149999999999999467, 0.9723044737829952266, 1.405000000000000027 ) ) ;
#1532 = EDGE_CURVE ( 'NONE', #637, #1778, #586, .T. ) ;
#1533 = DIRECTION ( 'NONE',  ( 0.000000000000000000, 0.000000000000000000, -1.000000000000000000 ) ) ;
#1534 = CARTESIAN_POINT ( 'NONE',  ( 1.149999999999999467, 0.2600000000000000644, -1.404999999999996918 ) ) ;
#1535 = DIRECTION ( 'NONE',  ( 0.000000000000000000, 0.000000000000000000, -1.000000000000000000 ) ) ;
#1536 = DIRECTION ( 'NONE',  ( 0.000000000000000000, 1.000000000000000000, 0.000000000000000000 ) ) ;
#1537 = VECTOR ( 'NONE', #917, 1000.000000000000000 ) ;
#1538 = DIRECTION ( 'NONE',  ( 0.000000000000000000, -0.000000000000000000, 1.000000000000000000 ) ) ;
#1539 = DIRECTION ( 'NONE',  ( -0.000000000000000000, -1.000000000000000000, -0.000000000000000000 ) ) ;
#1540 = AXIS2_PLACEMENT_3D ( 'NONE', #2709, #1740, #3022 ) ;
#1541 = CARTESIAN_POINT ( 'NONE',  ( -0.9299999999999997158, 0.2600000000000000644, 1.625000000000000000 ) ) ;
#1542 =( NAMED_UNIT ( * ) SI_UNIT ( $, .STERADIAN. ) SOLID_ANGLE_UNIT ( ) );
#1543 = ADVANCED_FACE ( 'NONE', ( #1653 ), #424, .T. ) ;
#1544 = DIRECTION ( 'NONE',  ( 0.000000000000000000, -1.000000000000000000, 0.000000000000000000 ) ) ;
#1545 = VECTOR ( 'NONE', #1788, 1000.000000000000000 ) ;
#1546 = CARTESIAN_POINT ( 'NONE',  ( 0.000000000000000000, 0.000000000000000000, 0.000000000000000000 ) ) ;
#1547 = MECHANICAL_DESIGN_GEOMETRIC_PRESENTATION_REPRESENTATION (  '', ( #2645 ), #1648 ) ;
#1548 = PLANE ( 'NONE',  #3205 ) ;
#1549 = CARTESIAN_POINT ( 'NONE',  ( 1.143231712579622972, 0.8880573068030235273, 1.403958725012249831 ) ) ;
#1550 = DIRECTION ( 'NONE',  ( -0.000000000000000000, -1.000000000000000000, -0.000000000000000000 ) ) ;
#1551 = CARTESIAN_POINT ( 'NONE',  ( -0.9300000000000000488, 0.3300000000000001266, 1.405000000000000027 ) ) ;
#1552 = EDGE_CURVE ( 'NONE', #745, #884, #589, .T. ) ;
#1553 = PRESENTATION_STYLE_ASSIGNMENT (( #482 ) ) ;
#1554 = MANIFOLD_SOLID_BREP ( 'Boss-Extrude3', #1168 ) ;
#1555 = CARTESIAN_POINT ( 'NONE',  ( 1.200500000000015888, 0.05000000000000000278, -1.251523757758524062E-14 ) ) ;
#1556 = DIRECTION ( 'NONE',  ( -0.000000000000000000, -1.000000000000000000, -0.000000000000000000 ) ) ;
#1557 = EDGE_CURVE ( 'NONE', #3148, #828, #2811, .T. ) ;
#1558 = VECTOR ( 'NONE', #2537, 1000.000000000000000 ) ;
#1559 = CARTESIAN_POINT ( 'NONE',  ( 1.149999999999999689, 0.8199999999999999512, -1.625000000000000000 ) ) ;
#1560 = DIRECTION ( 'NONE',  ( 1.042502088928369515E-14, 0.000000000000000000, 1.000000000000000000 ) ) ;
#1561 = CARTESIAN_POINT ( 'NONE',  ( 0.4755000000000196292, 0.05000000000000000278, -1.624000000000022093 ) ) ;
#1562 = CARTESIAN_POINT ( 'NONE',  ( -0.6250000000000004441, 0.6971572875253806423, -1.100000000000000089 ) ) ;
#1563 = DIRECTION ( 'NONE',  ( -0.000000000000000000, -1.000000000000000000, -0.000000000000000000 ) ) ;
#1564 = DIRECTION ( 'NONE',  ( 0.000000000000000000, 0.000000000000000000, -1.000000000000000000 ) ) ;
#1565 = PLANE ( 'NONE',  #2914 ) ;
#1566 = AXIS2_PLACEMENT_3D ( 'NONE', #661, #2676, #1939 ) ;
#1567 = CARTESIAN_POINT ( 'NONE',  ( 0.000000000000000000, 0.05000000000000000278, -1.624000000000037414 ) ) ;
#1568 = CARTESIAN_POINT ( 'NONE',  ( 0.9727386907803708960, 1.073246512625022131, 1.447738690780367765 ) ) ;
#1569 = DIRECTION ( 'NONE',  ( 0.000000000000000000, -1.000000000000000000, 0.000000000000000000 ) ) ;
#1570 = DIRECTION ( 'NONE',  ( 0.000000000000000000, 0.000000000000000000, -1.000000000000000000 ) ) ;
#1571 = AXIS2_PLACEMENT_3D ( 'NONE', #2368, #2144, #2630 ) ;
#1572 = CARTESIAN_POINT ( 'NONE',  ( -1.200500000000000123, 0.05000000000000000278, -1.251523757758507811E-14 ) ) ;
#1573 = MECHANICAL_DESIGN_GEOMETRIC_PRESENTATION_REPRESENTATION (  '', ( #2153 ), #853 ) ;
#1574 = AXIS2_PLACEMENT_3D ( 'NONE', #1198, #1414, #1922 ) ;
#1575 = SURFACE_STYLE_FILL_AREA ( #3054 ) ;
#1576 = DIRECTION ( 'NONE',  ( -0.000000000000000000, -1.000000000000000000, -0.000000000000000000 ) ) ;
#1577 = DIRECTION ( 'NONE',  ( -0.000000000000000000, -1.000000000000000000, -0.000000000000000000 ) ) ;
#1578 = DIRECTION ( 'NONE',  ( -0.000000000000000000, -1.000000000000000000, -0.000000000000000000 ) ) ;
#1579 = MECHANICAL_DESIGN_GEOMETRIC_PRESENTATION_REPRESENTATION (  '', ( #2586 ), #703 ) ;
#1580 = FACE_OUTER_BOUND ( 'NONE', #2342, .T. ) ;
#1581 = CARTESIAN_POINT ( 'NONE',  ( 0.000000000000000000, 0.000000000000000000, -1.624000000000022093 ) ) ;
#1582 = CARTESIAN_POINT ( 'NONE',  ( -9.714750555725226095E-15, 2.348097038856279628, -0.8020000000000285789 ) ) ;
#1583 = FACE_OUTER_BOUND ( 'NONE', #1965, .T. ) ;
#1584 = CIRCLE ( 'NONE', #2704, 0.03000000000000007869 ) ;
#1585 = EDGE_CURVE ( 'NONE', #1951, #660, #2592, .T. ) ;
#1586 = CARTESIAN_POINT ( 'NONE',  ( 0.9299999999999996048, 0.2600000000000000644, -1.405000000000000027 ) ) ;
#1587 = DIRECTION ( 'NONE',  ( -1.000000000000000000, 0.000000000000000000, -0.000000000000000000 ) ) ;
#1588 = CARTESIAN_POINT ( 'NONE',  ( 0.9299999999999991607, 0.2817241379310346794, -1.645689655172413834 ) ) ;
#1589 = LINE ( 'NONE', #820, #2726 ) ;
#1590 = LINE ( 'NONE', #2029, #1545 ) ;
#1591 = EDGE_CURVE ( 'NONE', #2063, #2821, #677, .T. ) ;
#1592 = PLANE ( 'NONE',  #455 ) ;
#1593 = FACE_OUTER_BOUND ( 'NONE', #1779, .T. ) ;
#1594 = CIRCLE ( 'NONE', #2970, 0.8125000000000001110 ) ;
#1595 = CARTESIAN_POINT ( 'NONE',  ( 0.9299999999999996048, 0.8199999999999999512, -1.625000000000000000 ) ) ;
#1596 = EDGE_CURVE ( 'NONE', #2897, #1817, #1786, .T. ) ;
#1597 = DIRECTION ( 'NONE',  ( -0.000000000000000000, -1.000000000000000000, -0.000000000000000000 ) ) ;
#1598 = DIRECTION ( 'NONE',  ( 0.000000000000000000, 0.000000000000000000, -1.000000000000000000 ) ) ;
#1599 = LINE ( 'NONE', #1839, #2773 ) ;
#1600 = TOROIDAL_SURFACE ( 'NONE', #2116, 0.2199999999999999178, 0.03000000000000012726 ) ;
#1601 = CARTESIAN_POINT ( 'NONE',  ( 0.000000000000000000, 0.000000000000000000, 0.1974999999999999811 ) ) ;
#1602 = DIRECTION ( 'NONE',  ( 0.000000000000000000, 0.000000000000000000, 1.000000000000000000 ) ) ;
#1603 = DIRECTION ( 'NONE',  ( 0.000000000000000000, 0.000000000000000000, -1.000000000000000000 ) ) ;
#1604 = AXIS2_PLACEMENT_3D ( 'NONE', #1293, #1272, #2499 ) ;
#1605 = FACE_OUTER_BOUND ( 'NONE', #1871, .T. ) ;
#1606 = SURFACE_STYLE_FILL_AREA ( #416 ) ;
#1607 = ADVANCED_FACE ( 'NONE', ( #752 ), #2822, .T. ) ;
#1608 = AXIS2_PLACEMENT_3D ( 'NONE', #2160, #1438, #2983 ) ;
#1609 = CARTESIAN_POINT ( 'NONE',  ( -0.4754999999999849347, 0.05000000000000012768, -0.8020000000000372387 ) ) ;
#1610 = CARTESIAN_POINT ( 'NONE',  ( -0.6250000000000004441, 1.080000000000000071, -1.200000000000000178 ) ) ;
#1611 = CIRCLE ( 'NONE', #3120, 0.8125000000000001110 ) ;
#1612 = LINE ( 'NONE', #1831, #2767 ) ;
#1613 = CARTESIAN_POINT ( 'NONE',  ( 0.9580562169623818569, 1.073232164006397982, -1.375470187224982155 ) ) ;
#1614 = CARTESIAN_POINT ( 'NONE',  ( -0.000000000000000000, 0.000000000000000000, -1.624000000000037414 ) ) ;
#1615 = EDGE_CURVE ( 'NONE', #1908, #2550, #708, .T. ) ;
#1616 = CARTESIAN_POINT ( 'NONE',  ( 9.950255243072245579E-17, 0.05000000000000000278, 1.522499999999999964 ) ) ;
#1617 = VECTOR ( 'NONE', #1000, 1000.000000000000000 ) ;
#1618 = FACE_OUTER_BOUND ( 'NONE', #2128, .T. ) ;
#1619 = ORIENTED_EDGE ( 'NONE', *, *, #2649, .T. ) ;
#1620 = EDGE_CURVE ( 'NONE', #3137, #657, #633, .T. ) ;
#1621 = VECTOR ( 'NONE', #1271, 1000.000000000000000 ) ;
#1622 = CARTESIAN_POINT ( 'NONE',  ( -9.714750555725226095E-15, 0.05000000000000000278, -0.8020000000000285789 ) ) ;
#1623 = FACE_OUTER_BOUND ( 'NONE', #991, .T. ) ;
#1624 = EDGE_LOOP ( 'NONE', ( #1193, #1209, #2908, #1127 ) ) ;
#1625 =( NAMED_UNIT ( * ) SI_UNIT ( $, .STERADIAN. ) SOLID_ANGLE_UNIT ( ) );
#1626 = CARTESIAN_POINT ( 'NONE',  ( -1.200499999999972811, 0.05000000000000000278, -1.624000000000037414 ) ) ;
#1627 = CARTESIAN_POINT ( 'NONE',  ( 0.000000000000000000, 0.000000000000000000, 0.000000000000000000 ) ) ;
#1628 = EDGE_CURVE ( 'NONE', #1769, #2150, #638, .T. ) ;
#1629 = CIRCLE ( 'NONE', #2793, 0.2406896551724138078 ) ;
#1630 = LINE ( 'NONE', #3061, #1734 ) ;
#1631 = ORIENTED_EDGE ( 'NONE', *, *, #1133, .F. ) ;
#1632 = DIRECTION ( 'NONE',  ( -1.000000000000000000, 0.000000000000000000, -2.356054720978101885E-14 ) ) ;
#1633 = CIRCLE ( 'NONE', #2062, 0.06666666666666626329 ) ;
#1634 = AXIS2_PLACEMENT_3D ( 'NONE', #1339, #1870, #2759 ) ;
#1635 = VECTOR ( 'NONE', #1364, 1000.000000000000000 ) ;
#1636 = ORIENTED_EDGE ( 'NONE', *, *, #2278, .F. ) ;
#1637 = CARTESIAN_POINT ( 'NONE',  ( 1.131246803533017875, 0.9411264547274751369, -1.606246803533018852 ) ) ;
#1638 = DIRECTION ( 'NONE',  ( -1.000000000000000000, 0.000000000000000000, -0.000000000000000000 ) ) ;
#1639 = CARTESIAN_POINT ( 'NONE',  ( -1.149999999999999911, 0.8200000000000000622, -1.624999999999999556 ) ) ;
#1640 = FACE_OUTER_BOUND ( 'NONE', #1052, .T. ) ;
#1641 = ORIENTED_EDGE ( 'NONE', *, *, #2519, .F. ) ;
#1642 = VECTOR ( 'NONE', #870, 1000.000000000000000 ) ;
#1643 = PLANE ( 'NONE',  #2287 ) ;
#1644 = LINE ( 'NONE', #2595, #2812 ) ;
#1645 = ORIENTED_EDGE ( 'NONE', *, *, #1309, .F. ) ;
#1646 = DIRECTION ( 'NONE',  ( -2.356054720978101885E-14, 0.000000000000000000, 1.000000000000000000 ) ) ;
#1647 = DIRECTION ( 'NONE',  ( 0.000000000000000000, 0.000000000000000000, 1.000000000000000000 ) ) ;
#1648 =( GEOMETRIC_REPRESENTATION_CONTEXT ( 3 ) GLOBAL_UNCERTAINTY_ASSIGNED_CONTEXT ( ( #809 ) ) GLOBAL_UNIT_ASSIGNED_CONTEXT ( ( #1794, #69, #1354 ) ) REPRESENTATION_CONTEXT ( 'NONE', 'WORKASPACE' ) );
#1649 = VECTOR ( 'NONE', #2170, 1000.000000000000000 ) ;
#1650 = ORIENTED_EDGE ( 'NONE', *, *, #352, .T. ) ;
#1651 = CARTESIAN_POINT ( 'NONE',  ( 1.324999999999999512, 0.2300000000000000100, -1.750000000000000000 ) ) ;
#1652 = CARTESIAN_POINT ( 'NONE',  ( -1.200499999999997236, 2.348097038856279628, -0.2820000000000343343 ) ) ;
#1653 = FACE_OUTER_BOUND ( 'NONE', #997, .T. ) ;
#1654 = LINE ( 'NONE', #553, #2695 ) ;
#1655 = EDGE_LOOP ( 'NONE', ( #3081, #2152, #3069, #1862 ) ) ;
#1656 = EDGE_CURVE ( 'NONE', #2140, #1223, #1798, .T. ) ;
#1657 = PRODUCT_DEFINITION_SHAPE ( 'NONE', 'NONE',  #1233 ) ;
#1658 = DIRECTION ( 'NONE',  ( 1.000000000000000000, 0.000000000000000000, -0.000000000000000000 ) ) ;
#1659 = DIRECTION ( 'NONE',  ( -0.000000000000000000, 1.000000000000000000, -0.000000000000000000 ) ) ;
#1660 = CIRCLE ( 'NONE', #1021, 0.06666666666666626329 ) ;
#1661 = ORIENTED_EDGE ( 'NONE', *, *, #322, .T. ) ;
#1662 = EDGE_CURVE ( 'NONE', #550, #147, #2893, .T. ) ;
#1663 = FACE_OUTER_BOUND ( 'NONE', #2288, .T. ) ;
#1664 = CARTESIAN_POINT ( 'NONE',  ( 0.4755000000000281779, 0.05000000000000000278, -0.8020000000000343521 ) ) ;
#1665 = LINE ( 'NONE', #537, #1703 ) ;
#1666 = ORIENTED_EDGE ( 'NONE', *, *, #1169, .F. ) ;
#1667 = CARTESIAN_POINT ( 'NONE',  ( 0.000000000000000000, 0.05000000000000000278, 0.000000000000000000 ) ) ;
#1668 = DIRECTION ( 'NONE',  ( 0.000000000000000000, 0.000000000000000000, -1.000000000000000000 ) ) ;
#1669 = EDGE_CURVE ( 'NONE', #1018, #3005, #1748, .T. ) ;
#1670 = PLANE ( 'NONE',  #1432 ) ;
#1671 = UNCERTAINTY_MEASURE_WITH_UNIT (LENGTH_MEASURE( 1.000000000000000082E-05 ), #3021, 'distance_accuracy_value', 'NONE');
#1672 = LINE ( 'NONE', #1710, #540 ) ;
#1673 = VECTOR ( 'NONE', #118, 1000.000000000000000 ) ;
#1674 = EDGE_LOOP ( 'NONE', ( #2103, #1701, #3124, #3192 ) ) ;
#1675 = CARTESIAN_POINT ( 'NONE',  ( 1.149999999999999467, 0.3300000000000004041, 1.404999999999998250 ) ) ;
#1676 = DIRECTION ( 'NONE',  ( -7.885106708985489231E-15, -0.000000000000000000, 1.000000000000000000 ) ) ;
#1677 = EDGE_CURVE ( 'NONE', #684, #691, #2935, .T. ) ;
#1678 = FACE_OUTER_BOUND ( 'NONE', #1624, .T. ) ;
#1679 = ORIENTED_EDGE ( 'NONE', *, *, #2807, .T. ) ;
#1680 = CARTESIAN_POINT ( 'NONE',  ( 0.000000000000000000, 0.05000000000000000278, -0.1025000000000001604 ) ) ;
#1681 = FACE_BOUND ( 'NONE', #731, .T. ) ;
#1682 = DIRECTION ( 'NONE',  ( -1.042502088928369672E-14, 0.000000000000000000, 1.000000000000000000 ) ) ;
#1683 = LINE ( 'NONE', #2137, #2705 ) ;
#1684 = ORIENTED_EDGE ( 'NONE', *, *, #1255, .F. ) ;
#1685 = AXIS2_PLACEMENT_3D ( 'NONE', #1141, #2959, #894 ) ;
#1686 = ADVANCED_FACE ( 'NONE', ( #716 ), #242, .F. ) ;
#1687 = LINE ( 'NONE', #3146, #2841 ) ;
#1688 = CARTESIAN_POINT ( 'NONE',  ( -0.6250000000000004441, 0.9799999999999999822, -1.100000000000000089 ) ) ;
#1689 = VECTOR ( 'NONE', #792, 1000.000000000000000 ) ;
#1690 = EDGE_LOOP ( 'NONE', ( #877, #3013, #875, #933 ) ) ;
#1691 = CARTESIAN_POINT ( 'NONE',  ( -2.108586294075578256E-17, 0.000000000000000000, -0.2820000000000428830 ) ) ;
#1692 = ADVANCED_FACE ( 'NONE', ( #1695 ), #761, .T. ) ;
#1693 = AXIS2_PLACEMENT_3D ( 'NONE', #1385, #3138, #1570 ) ;
#1694 = ADVANCED_FACE ( 'NONE', ( #1853 ), #1135, .T. ) ;
#1695 = FACE_OUTER_BOUND ( 'NONE', #1040, .T. ) ;
#1696 = CIRCLE ( 'NONE', #3082, 0.03000000000000007869 ) ;
#1697 = EDGE_LOOP ( 'NONE', ( #1075, #2924, #3117, #2089 ) ) ;
#1698 = DIRECTION ( 'NONE',  ( 0.000000000000000000, 0.000000000000000000, -1.000000000000000000 ) ) ;
#1699 = CARTESIAN_POINT ( 'NONE',  ( -1.200500000000000123, 0.05000000000000000278, -1.251523757758507811E-14 ) ) ;
#1700 = CARTESIAN_POINT ( 'NONE',  ( 0.9299999999999979394, 0.8199999999999999512, -1.625000000000000000 ) ) ;
#1701 = ORIENTED_EDGE ( 'NONE', *, *, #72, .T. ) ;
#1702 = EDGE_CURVE ( 'NONE', #2801, #2121, #1687, .T. ) ;
#1703 = VECTOR ( 'NONE', #1402, 1000.000000000000000 ) ;
#1704 = ORIENTED_EDGE ( 'NONE', *, *, #1628, .F. ) ;
#1705 = CARTESIAN_POINT ( 'NONE',  ( -0.9004701872249818440, 1.073232164006397316, 1.433056216962383722 ) ) ;
#1706 = ORIENTED_EDGE ( 'NONE', *, *, #2380, .T. ) ;
#1707 = CARTESIAN_POINT ( 'NONE',  ( 1.200500000000019662, 0.000000000000000000, -1.624000000000022093 ) ) ;
#1708 = ORIENTED_EDGE ( 'NONE', *, *, #1071, .T. ) ;
#1709 = EDGE_CURVE ( 'NONE', #2024, #2109, #2778, .T. ) ;
#1710 = CARTESIAN_POINT ( 'NONE',  ( 0.4755000000000281779, 2.348097038856279628, -0.8020000000000343521 ) ) ;
#1711 = DIRECTION ( 'NONE',  ( -0.000000000000000000, -1.000000000000000000, -0.000000000000000000 ) ) ;
#1712 = ORIENTED_EDGE ( 'NONE', *, *, #1552, .F. ) ;
#1713 = ORIENTED_EDGE ( 'NONE', *, *, #2685, .F. ) ;
#1714 = ORIENTED_EDGE ( 'NONE', *, *, #1417, .F. ) ;
#1715 = VECTOR ( 'NONE', #1646, 1000.000000000000000 ) ;
#1716 =( NAMED_UNIT ( * ) PLANE_ANGLE_UNIT ( ) SI_UNIT ( $, .RADIAN. ) );
#1717 = CIRCLE ( 'NONE', #8, 0.2199999999999999178 ) ;
#1718 = VERTEX_POINT ( 'NONE', #2425 ) ;
#1719 = ORIENTED_EDGE ( 'NONE', *, *, #1821, .F. ) ;
#1720 = ADVANCED_FACE ( 'NONE', ( #1755 ), #1733, .T. ) ;
#1721 = CARTESIAN_POINT ( 'NONE',  ( -1.149999999999999911, 0.8200000000000003952, -1.404999999999998472 ) ) ;
#1722 = ORIENTED_EDGE ( 'NONE', *, *, #166, .F. ) ;
#1723 = LINE ( 'NONE', #578, #614 ) ;
#1724 = ORIENTED_EDGE ( 'NONE', *, *, #2569, .T. ) ;
#1725 = CARTESIAN_POINT ( 'NONE',  ( 1.200500000000007228, 0.000000000000000000, -0.8020000000000431228 ) ) ;
#1726 = EDGE_CURVE ( 'NONE', #1744, #550, #2852, .T. ) ;
#1727 = ADVANCED_FACE ( 'NONE', ( #2901 ), #2827, .F. ) ;
#1728 = CARTESIAN_POINT ( 'NONE',  ( -0.4754999999999972027, 0.000000000000000000, -0.2820000000000342788 ) ) ;
#1729 = ORIENTED_EDGE ( 'NONE', *, *, #544, .T. ) ;
#1730 = ORIENTED_EDGE ( 'NONE', *, *, #1182, .F. ) ;
#1731 =( GEOMETRIC_REPRESENTATION_CONTEXT ( 3 ) GLOBAL_UNCERTAINTY_ASSIGNED_CONTEXT ( ( #1977 ) ) GLOBAL_UNIT_ASSIGNED_CONTEXT ( ( #2067, #1716, #776 ) ) REPRESENTATION_CONTEXT ( 'NONE', 'WORKASPACE' ) );
#1732 = DIRECTION ( 'NONE',  ( -1.000000000000000000, 0.000000000000000000, 7.477256361968997712E-17 ) ) ;
#1733 = CYLINDRICAL_SURFACE ( 'NONE', #2369, 0.2600000000000000089 ) ;
#1734 = VECTOR ( 'NONE', #2341, 1000.000000000000000 ) ;
#1735 = ORIENTED_EDGE ( 'NONE', *, *, #2482, .T. ) ;
#1736 = ORIENTED_EDGE ( 'NONE', *, *, #1968, .F. ) ;
#1737 = AXIS2_PLACEMENT_3D ( 'NONE', #1892, #2161, #406 ) ;
#1738 =( LENGTH_UNIT ( ) NAMED_UNIT ( * ) SI_UNIT ( .MILLI., .METRE. ) );
#1739 = ORIENTED_EDGE ( 'NONE', *, *, #1615, .T. ) ;
#1740 = DIRECTION ( 'NONE',  ( -7.477256361968997712E-17, 0.000000000000000000, -1.000000000000000000 ) ) ;
#1741 = DIRECTION ( 'NONE',  ( 1.000000000000000000, 0.000000000000000000, -1.211315530639012344E-14 ) ) ;
#1742 = AXIS2_PLACEMENT_3D ( 'NONE', #51, #2040, #2324 ) ;
#1743 = LINE ( 'NONE', #2339, #754 ) ;
#1744 = VERTEX_POINT ( 'NONE', #2447 ) ;
#1745 = ORIENTED_EDGE ( 'NONE', *, *, #711, .T. ) ;
#1746 = LINE ( 'NONE', #351, #2820 ) ;
#1747 = ORIENTED_EDGE ( 'NONE', *, *, #222, .F. ) ;
#1748 = LINE ( 'NONE', #2990, #1715 ) ;
#1749 = FACE_OUTER_BOUND ( 'NONE', #2281, .T. ) ;
#1750 = VERTEX_POINT ( 'NONE', #2060 ) ;
#1751 = AXIS2_PLACEMENT_3D ( 'NONE', #602, #376, #1192 ) ;
#1752 = EDGE_LOOP ( 'NONE', ( #1118, #130, #1704, #84 ) ) ;
#1753 = VECTOR ( 'NONE', #2604, 1000.000000000000000 ) ;
#1754 = ORIENTED_EDGE ( 'NONE', *, *, #1921, .T. ) ;
#1755 = FACE_OUTER_BOUND ( 'NONE', #2723, .T. ) ;
#1756 = LINE ( 'NONE', #863, #744 ) ;
#1757 = ORIENTED_EDGE ( 'NONE', *, *, #106, .F. ) ;
#1758 = CARTESIAN_POINT ( 'NONE',  ( 0.000000000000000000, 0.000000000000000000, -1.104000000000022075 ) ) ;
#1759 = EDGE_CURVE ( 'NONE', #1070, #3051, #1187, .T. ) ;
#1760 = CARTESIAN_POINT ( 'NONE',  ( -0.000000000000000000, 0.000000000000000000, -1.104000000000037174 ) ) ;
#1761 = VERTEX_POINT ( 'NONE', #1680 ) ;
#1762 = CARTESIAN_POINT ( 'NONE',  ( 0.000000000000000000, 0.000000000000000000, 0.000000000000000000 ) ) ;
#1763 = ORIENTED_EDGE ( 'NONE', *, *, #249, .T. ) ;
#1764 = CARTESIAN_POINT ( 'NONE',  ( -3.118314993195672637E-15, 0.000000000000000000, -0.8020000000000391260 ) ) ;
#1765 = DIRECTION ( 'NONE',  ( 0.000000000000000000, -1.000000000000000000, 0.000000000000000000 ) ) ;
#1766 = CIRCLE ( 'NONE', #2671, 0.8125000000000001110 ) ;
#1767 = VERTEX_POINT ( 'NONE', #1998 ) ;
#1768 = EDGE_CURVE ( 'NONE', #2210, #2263, #2861, .T. ) ;
#1769 = VERTEX_POINT ( 'NONE', #2429 ) ;
#1770 = CARTESIAN_POINT ( 'NONE',  ( 1.149999999999999467, 0.2600000000000000644, -1.404999999999996918 ) ) ;
#1771 = CARTESIAN_POINT ( 'NONE',  ( 0.000000000000000000, 0.05000000000000000278, -1.104000000000022075 ) ) ;
#1772 = CARTESIAN_POINT ( 'NONE',  ( 0.000000000000000000, 0.2300000000000000100, 0.7099999999999999645 ) ) ;
#1773 = ORIENTED_EDGE ( 'NONE', *, *, #2922, .T. ) ;
#1774 = DIRECTION ( 'NONE',  ( 0.000000000000000000, 0.000000000000000000, -1.000000000000000000 ) ) ;
#1775 = SURFACE_STYLE_FILL_AREA ( #2217 ) ;
#1776 = VECTOR ( 'NONE', #2241, 1000.000000000000000 ) ;
#1777 = ORIENTED_EDGE ( 'NONE', *, *, #3048, .T. ) ;
#1778 = VERTEX_POINT ( 'NONE', #2498 ) ;
#1779 = EDGE_LOOP ( 'NONE', ( #755, #656, #2806 ) ) ;
#1780 = VECTOR ( 'NONE', #1909, 1000.000000000000000 ) ;
#1781 = CARTESIAN_POINT ( 'NONE',  ( -0.9300000000000000488, 0.2300000000000000100, -1.405000000000000027 ) ) ;
#1782 = VECTOR ( 'NONE', #2997, 1000.000000000000000 ) ;
#1783 = VERTEX_POINT ( 'NONE', #998 ) ;
#1784 = ORIENTED_EDGE ( 'NONE', *, *, #1035, .F. ) ;
#1785 = ORIENTED_EDGE ( 'NONE', *, *, #2982, .T. ) ;
#1786 = CIRCLE ( 'NONE', #1331, 0.2199999999999999178 ) ;
#1787 = ORIENTED_EDGE ( 'NONE', *, *, #2096, .T. ) ;
#1788 = DIRECTION ( 'NONE',  ( -0.000000000000000000, -1.000000000000000000, -0.000000000000000000 ) ) ;
#1789 = CARTESIAN_POINT ( 'NONE',  ( 1.200500000000007228, 0.05000000000000012768, -0.8020000000000431228 ) ) ;
#1790 = CARTESIAN_POINT ( 'NONE',  ( -1.049520862084194261, 1.042359154867713356, 1.524520862084192796 ) ) ;
#1791 = AXIS2_PLACEMENT_3D ( 'NONE', #1306, #326, #2021 ) ;
#1792 = CARTESIAN_POINT ( 'NONE',  ( -1.200499999999989686, 0.000000000000000000, -1.251523757758496925E-14 ) ) ;
#1793 = ORIENTED_EDGE ( 'NONE', *, *, #2718, .F. ) ;
#1794 =( LENGTH_UNIT ( ) NAMED_UNIT ( * ) SI_UNIT ( .MILLI., .METRE. ) );
#1795 = VERTEX_POINT ( 'NONE', #1269 ) ;
#1796 = PLANE ( 'NONE',  #2497 ) ;
#1797 = DIRECTION ( 'NONE',  ( 1.000000000000000000, 0.000000000000000000, -3.888173308223841438E-15 ) ) ;
#1798 = CIRCLE ( 'NONE', #3243, 0.2199999999999999178 ) ;
#1799 = LINE ( 'NONE', #117, #709 ) ;
#1800 = ORIENTED_EDGE ( 'NONE', *, *, #2138, .F. ) ;
#1801 = ORIENTED_EDGE ( 'NONE', *, *, #1035, .T. ) ;
#1802 = AXIS2_PLACEMENT_3D ( 'NONE', #26, #1443, #2938 ) ;
#1803 = SURFACE_SIDE_STYLE ('',( #161 ) ) ;
#1804 = CARTESIAN_POINT ( 'NONE',  ( 1.049783818381989420, 1.027911707835015065, 1.389582125904921250 ) ) ;
#1805 = ORIENTED_EDGE ( 'NONE', *, *, #3217, .F. ) ;
#1806 = CARTESIAN_POINT ( 'NONE',  ( 0.9299999999999996048, 0.2817241379310346794, 1.405000000000000027 ) ) ;
#1807 = CARTESIAN_POINT ( 'NONE',  ( -1.149999999999999911, 0.8200000000000003952, -1.404999999999998472 ) ) ;
#1808 = LINE ( 'NONE', #2454, #1776 ) ;
#1809 = EDGE_LOOP ( 'NONE', ( #1739, #2162, #3186, #2017, #2101, #955 ) ) ;
#1810 = ADVANCED_FACE ( 'NONE', ( #2877 ), #704, .F. ) ;
#1811 = EDGE_LOOP ( 'NONE', ( #2954, #905, #1030, #952 ) ) ;
#1812 = AXIS2_PLACEMENT_3D ( 'NONE', #2664, #973, #994 ) ;
#1813 = ORIENTED_EDGE ( 'NONE', *, *, #1726, .F. ) ;
#1814 = DIRECTION ( 'NONE',  ( 0.000000000000000000, 0.000000000000000000, -1.000000000000000000 ) ) ;
#1815 = CIRCLE ( 'NONE', #214, 0.03000000000000007869 ) ;
#1816 = CIRCLE ( 'NONE', #1303, 0.5124999999999999556 ) ;
#1817 = VERTEX_POINT ( 'NONE', #491 ) ;
#1818 = CARTESIAN_POINT ( 'NONE',  ( -1.325000000000000400, 0.2300000000000000100, 1.750000000000000000 ) ) ;
#1819 = VERTEX_POINT ( 'NONE', #208 ) ;
#1820 = ORIENTED_EDGE ( 'NONE', *, *, #1309, .T. ) ;
#1821 = EDGE_CURVE ( 'NONE', #977, #2034, #1815, .T. ) ;
#1822 = CIRCLE ( 'NONE', #2999, 0.1625000000000000056 ) ;
#1823 = CIRCLE ( 'NONE', #378, 0.2406896551724138078 ) ;
#1824 = EDGE_LOOP ( 'NONE', ( #1924, #865, #429, #1504 ) ) ;
#1825 = DIRECTION ( 'NONE',  ( 0.000000000000000000, -1.000000000000000000, 0.000000000000000000 ) ) ;
#1826 = CARTESIAN_POINT ( 'NONE',  ( 0.000000000000000000, 0.05000000000000000278, 0.5474999999999998757 ) ) ;
#1827 = CARTESIAN_POINT ( 'NONE',  ( -0.9145821259049214946, 1.027911707835015287, 1.524783818381989287 ) ) ;
#1828 = DIRECTION ( 'NONE',  ( 1.000000000000000000, 0.000000000000000000, 0.000000000000000000 ) ) ;
#1829 = ORIENTED_EDGE ( 'NONE', *, *, #659, .F. ) ;
#1830 = ORIENTED_EDGE ( 'NONE', *, *, #1768, .F. ) ;
#1831 = CARTESIAN_POINT ( 'NONE',  ( -0.4754999999999898197, 0.05000000000000000278, -4.957097432854290938E-15 ) ) ;
#1832 = VECTOR ( 'NONE', #2899, 1000.000000000000000 ) ;
#1833 = EDGE_CURVE ( 'NONE', #1041, #880, #2905, .T. ) ;
#1834 = ORIENTED_EDGE ( 'NONE', *, *, #2947, .T. ) ;
#1835 = ORIENTED_EDGE ( 'NONE', *, *, #3015, .F. ) ;
#1836 =( NAMED_UNIT ( * ) SI_UNIT ( $, .STERADIAN. ) SOLID_ANGLE_UNIT ( ) );
#1837 = CARTESIAN_POINT ( 'NONE',  ( 1.079337930772947818, 1.020047581263014314, 1.554337930772948351 ) ) ;
#1838 = ORIENTED_EDGE ( 'NONE', *, *, #1313, .F. ) ;
#1839 = CARTESIAN_POINT ( 'NONE',  ( -0.9299999999999972733, 0.2817241379310346794, -1.645689655172413834 ) ) ;
#1840 = CARTESIAN_POINT ( 'NONE',  ( -1.180000000000000160, 0.2600000000000000644, 0.000000000000000000 ) ) ;
#1841 = CARTESIAN_POINT ( 'NONE',  ( -1.200499999999989686, 0.05000000000000000278, -1.251523757758496925E-14 ) ) ;
#1842 = CIRCLE ( 'NONE', #2856, 0.2199999999999999178 ) ;
#1843 = ORIENTED_EDGE ( 'NONE', *, *, #328, .T. ) ;
#1844 = AXIS2_PLACEMENT_3D ( 'NONE', #892, #845, #2077 ) ;
#1845 = ORIENTED_EDGE ( 'NONE', *, *, #926, .T. ) ;
#1846 = ADVANCED_FACE ( 'NONE', ( #729 ), #2926, .T. ) ;
#1847 = ORIENTED_EDGE ( 'NONE', *, *, #889, .T. ) ;
#1848 = DIRECTION ( 'NONE',  ( -1.042502088928369515E-14, 0.000000000000000000, -1.000000000000000000 ) ) ;
#1849 = CIRCLE ( 'NONE', #1376, 0.06666666666666626329 ) ;
#1850 = EDGE_LOOP ( 'NONE', ( #3064, #2022, #3025, #1969 ) ) ;
#1851 = ORIENTED_EDGE ( 'NONE', *, *, #2632, .T. ) ;
#1852 = ORIENTED_EDGE ( 'NONE', *, *, #438, .T. ) ;
#1853 = FACE_OUTER_BOUND ( 'NONE', #2087, .T. ) ;
#1854 = AXIS2_PLACEMENT_3D ( 'NONE', #2310, #2743, #2354 ) ;
#1855 = CYLINDRICAL_SURFACE ( 'NONE', #3211, 0.06666666666666626329 ) ;
#1856 = ORIENTED_EDGE ( 'NONE', *, *, #1345, .T. ) ;
#1857 = CARTESIAN_POINT ( 'NONE',  ( 1.079337930772948706, 1.020047581263014314, -1.554337930772948351 ) ) ;
#1858 = CARTESIAN_POINT ( 'NONE',  ( 0.8899999999999994582, 1.080000000000000071, 1.364999999999999991 ) ) ;
#1859 = DIRECTION ( 'NONE',  ( -0.000000000000000000, -1.000000000000000000, -0.000000000000000000 ) ) ;
#1860 = DIRECTION ( 'NONE',  ( 0.000000000000000000, 0.000000000000000000, -1.000000000000000000 ) ) ;
#1861 = ORIENTED_EDGE ( 'NONE', *, *, #1499, .F. ) ;
#1862 = ORIENTED_EDGE ( 'NONE', *, *, #2541, .F. ) ;
#1863 = CYLINDRICAL_SURFACE ( 'NONE', #2325, 0.5124999999999999556 ) ;
#1864 = CARTESIAN_POINT ( 'NONE',  ( -3.118314993195672637E-15, 0.05000000000000000278, -0.8020000000000391260 ) ) ;
#1865 = FACE_OUTER_BOUND ( 'NONE', #3062, .T. ) ;
#1866 = ORIENTED_EDGE ( 'NONE', *, *, #3231, .T. ) ;
#1867 = AXIS2_PLACEMENT_3D ( 'NONE', #507, #1765, #757 ) ;
#1868 = ORIENTED_EDGE ( 'NONE', *, *, #393, .F. ) ;
#1869 = FILL_AREA_STYLE ('',( #1399 ) ) ;
#1870 = DIRECTION ( 'NONE',  ( 0.000000000000000000, -1.000000000000000000, 0.000000000000000000 ) ) ;
#1871 = EDGE_LOOP ( 'NONE', ( #2086, #3122, #1730, #1949 ) ) ;
#1872 = CARTESIAN_POINT ( 'NONE',  ( 0.000000000000000000, 2.348097038856279628, -1.104000000000037174 ) ) ;
#1873 = VECTOR ( 'NONE', #2845, 1000.000000000000000 ) ;
#1874 = CARTESIAN_POINT ( 'NONE',  ( -0.9299999999999996048, 0.2817241379310346794, 1.645689655172413834 ) ) ;
#1875 = EDGE_LOOP ( 'NONE', ( #1992, #2048, #931, #1838 ) ) ;
#1876 = EDGE_CURVE ( 'NONE', #2263, #2210, #1822, .T. ) ;
#1877 = DIRECTION ( 'NONE',  ( -1.000000000000000000, 0.000000000000000000, -1.042502088928369672E-14 ) ) ;
#1878 = EDGE_LOOP ( 'NONE', ( #1785, #2095, #1024, #2868 ) ) ;
#1879 = VECTOR ( 'NONE', #2237, 1000.000000000000000 ) ;
#1880 = LINE ( 'NONE', #2531, #2949 ) ;
#1881 = ORIENTED_EDGE ( 'NONE', *, *, #1524, .T. ) ;
#1882 = EDGE_CURVE ( 'NONE', #3244, #1906, #617, .T. ) ;
#1883 = ORIENTED_EDGE ( 'NONE', *, *, #80, .T. ) ;
#1884 = FACE_OUTER_BOUND ( 'NONE', #1986, .T. ) ;
#1885 =( BOUNDED_CURVE ( )  B_SPLINE_CURVE ( 3, ( #1512, #1531, #2731, #2577 ),
 .UNSPECIFIED., .F., .F. ) 
 B_SPLINE_CURVE_WITH_KNOTS ( ( 4, 4 ),
 ( 0.000000000000000000, 1.570796326794896558 ),
 .UNSPECIFIED. ) 
 CURVE ( )  GEOMETRIC_REPRESENTATION_ITEM ( )  RATIONAL_B_SPLINE_CURVE ( ( 1.000000000000000000, 0.8047378541243649375, 0.8047378541243649375, 1.000000000000000000 ) ) 
 REPRESENTATION_ITEM ( '' )  );
#1886 = VECTOR ( 'NONE', #363, 1000.000000000000000 ) ;
#1887 = SURFACE_STYLE_FILL_AREA ( #1529 ) ;
#1888 = ORIENTED_EDGE ( 'NONE', *, *, #2123, .T. ) ;
#1889 = CARTESIAN_POINT ( 'NONE',  ( 1.143231712579622972, 0.8880573068030235273, -1.403958725012249831 ) ) ;
#1890 = CARTESIAN_POINT ( 'NONE',  ( -0.000000000000000000, 0.000000000000000000, -1.624000000000037414 ) ) ;
#1891 = CARTESIAN_POINT ( 'NONE',  ( -1.325000000000000400, 0.2300000000000000100, 1.750000000000000000 ) ) ;
#1892 = CARTESIAN_POINT ( 'NONE',  ( -0.6250000000000004441, 0.9799999999999999822, -1.100000000000000089 ) ) ;
#1893 = VERTEX_POINT ( 'NONE', #2322 ) ;
#1894 = DIRECTION ( 'NONE',  ( 0.000000000000000000, -1.000000000000000000, 0.000000000000000000 ) ) ;
#1895 = DIRECTION ( 'NONE',  ( -0.000000000000000000, -1.000000000000000000, -0.000000000000000000 ) ) ;
#1896 = VECTOR ( 'NONE', #1597, 1000.000000000000000 ) ;
#1897 = FACE_OUTER_BOUND ( 'NONE', #1124, .T. ) ;
#1898 = ORIENTED_EDGE ( 'NONE', *, *, #2507, .F. ) ;
#1899 = EDGE_LOOP ( 'NONE', ( #2314, #2768, #789, #635 ) ) ;
#1900 = AXIS2_PLACEMENT_3D ( 'NONE', #2554, #1162, #2538 ) ;
#1901 = CARTESIAN_POINT ( 'NONE',  ( -0.6250000000000004441, 1.080000000000000071, -1.100000000000000089 ) ) ;
#1902 = LINE ( 'NONE', #2866, #1907 ) ;
#1903 = CARTESIAN_POINT ( 'NONE',  ( 0.000000000000000000, 0.05000000000000012768, -1.624000000000037414 ) ) ;
#1904 = CARTESIAN_POINT ( 'NONE',  ( 0.9299999999999966072, 0.3300000000000001266, 1.625000000000000000 ) ) ;
#1905 = ORIENTED_EDGE ( 'NONE', *, *, #1125, .T. ) ;
#1906 = VERTEX_POINT ( 'NONE', #1707 ) ;
#1907 = VECTOR ( 'NONE', #2574, 1000.000000000000000 ) ;
#1908 = VERTEX_POINT ( 'NONE', #618 ) ;
#1909 = DIRECTION ( 'NONE',  ( -1.000000000000000000, 0.000000000000000000, 7.477256361968997712E-17 ) ) ;
#1910 = ORIENTED_EDGE ( 'NONE', *, *, #414, .F. ) ;
#1911 = AXIS2_PLACEMENT_3D ( 'NONE', #1151, #906, #2404 ) ;
#1912 = ORIENTED_EDGE ( 'NONE', *, *, #1255, .T. ) ;
#1913 = DIRECTION ( 'NONE',  ( 0.000000000000000000, -1.000000000000000000, 0.000000000000000000 ) ) ;
#1914 = CARTESIAN_POINT ( 'NONE',  ( 0.9134314575050758167, 1.080000000000000071, -1.517304473782995489 ) ) ;
#1915 = VERTEX_POINT ( 'NONE', #932 ) ;
#1916 = AXIS2_PLACEMENT_3D ( 'NONE', #2553, #1037, #1282 ) ;
#1917 = FACE_OUTER_BOUND ( 'NONE', #134, .T. ) ;
#1918 = ORIENTED_EDGE ( 'NONE', *, *, #384, .T. ) ;
#1919 = ORIENTED_EDGE ( 'NONE', *, *, #3237, .T. ) ;
#1920 = CARTESIAN_POINT ( 'NONE',  ( 0.000000000000000000, 0.05000000000000000278, 0.7099999999999999645 ) ) ;
#1921 = EDGE_CURVE ( 'NONE', #888, #1475, #743, .T. ) ;
#1922 = DIRECTION ( 'NONE',  ( -1.000000000000000000, 0.000000000000000000, 0.000000000000000000 ) ) ;
#1923 = ORIENTED_EDGE ( 'NONE', *, *, #1882, .T. ) ;
#1924 = ORIENTED_EDGE ( 'NONE', *, *, #32, .F. ) ;
#1925 = EDGE_CURVE ( 'NONE', #2934, #2034, #624, .T. ) ;
#1926 = EDGE_LOOP ( 'NONE', ( #3165, #3172, #2298, #1957 ) ) ;
#1927 = CARTESIAN_POINT ( 'NONE',  ( -0.4755000000000038640, 0.000000000000000000, -1.120304019825096509E-14 ) ) ;
#1928 = DIRECTION ( 'NONE',  ( -7.477256361968996479E-17, 0.000000000000000000, 1.000000000000000000 ) ) ;
#1929 = VERTEX_POINT ( 'NONE', #1290 ) ;
#1930 = ORIENTED_EDGE ( 'NONE', *, *, #2467, .F. ) ;
#1931 = CARTESIAN_POINT ( 'NONE',  ( 0.9219864165900020225, 0.9797838183819894686, -1.572911707835015216 ) ) ;
#1932 = EDGE_CURVE ( 'NONE', #2236, #1978, #1880, .T. ) ;
#1933 = CARTESIAN_POINT ( 'NONE',  ( -1.325000000000000400, 0.2300000000000000100, 1.750000000000000000 ) ) ;
#1934 = VERTEX_POINT ( 'NONE', #463 ) ;
#1935 = ORIENTED_EDGE ( 'NONE', *, *, #1114, .F. ) ;
#1936 = EDGE_CURVE ( 'NONE', #3029, #712, #2965, .T. ) ;
#1937 = ORIENTED_EDGE ( 'NONE', *, *, #1591, .T. ) ;
#1938 = CARTESIAN_POINT ( 'NONE',  ( 0.4755000000000196292, 2.348097038856279628, -1.624000000000022093 ) ) ;
#1939 = DIRECTION ( 'NONE',  ( -1.000000000000000000, 0.000000000000000000, 1.211315530639012502E-14 ) ) ;
#1940 = AXIS2_PLACEMENT_3D ( 'NONE', #2375, #1556, #218 ) ;
#1941 = ORIENTED_EDGE ( 'NONE', *, *, #2138, .T. ) ;
#1942 = CARTESIAN_POINT ( 'NONE',  ( -1.149999999999999911, 0.8200000000000003952, 1.404999999999998472 ) ) ;
#1943 = EDGE_LOOP ( 'NONE', ( #3196, #2166, #2261, #666, #3187, #2072 ) ) ;
#1944 = PRODUCT_RELATED_PRODUCT_CATEGORY ( 'part', '', ( #1278 ) ) ;
#1945 = ORIENTED_EDGE ( 'NONE', *, *, #314, .T. ) ;
#1946 = STYLED_ITEM ( 'NONE', ( #340 ), #1241 ) ;
#1947 = PLANE ( 'NONE',  #96 ) ;
#1948 = CARTESIAN_POINT ( 'NONE',  ( 0.000000000000000000, 0.000000000000000000, 0.000000000000000000 ) ) ;
#1949 = ORIENTED_EDGE ( 'NONE', *, *, #2533, .F. ) ;
#1950 = ORIENTED_EDGE ( 'NONE', *, *, #2536, .T. ) ;
#1951 = VERTEX_POINT ( 'NONE', #2708 ) ;
#1952 = CARTESIAN_POINT ( 'NONE',  ( -0.8899999999999995692, 1.080000000000000071, 1.364999999999999991 ) ) ;
#1953 = AXIS2_PLACEMENT_3D ( 'NONE', #2361, #2385, #3128 ) ;
#1954 = DIRECTION ( 'NONE',  ( 0.000000000000000000, 0.000000000000000000, 1.000000000000000000 ) ) ;
#1955 = EDGE_LOOP ( 'NONE', ( #1161, #2836, #79, #1905 ) ) ;
#1956 = DIRECTION ( 'NONE',  ( -1.000000000000000000, 0.000000000000000000, 0.000000000000000000 ) ) ;
#1957 = ORIENTED_EDGE ( 'NONE', *, *, #384, .F. ) ;
#1958 = ORIENTED_EDGE ( 'NONE', *, *, #388, .T. ) ;
#1959 = EDGE_CURVE ( 'NONE', #2309, #2058, #771, .T. ) ;
#1960 = EDGE_LOOP ( 'NONE', ( #919, #2133, #3218, #3180 ) ) ;
#1961 = DIRECTION ( 'NONE',  ( 0.000000000000000000, 0.000000000000000000, -1.000000000000000000 ) ) ;
#1962 = CARTESIAN_POINT ( 'NONE',  ( -1.200499999999978362, 2.348097038856279628, -1.104000000000037174 ) ) ;
#1963 = DIRECTION ( 'NONE',  ( 1.000000000000000000, 0.000000000000000000, 7.477256361968996479E-17 ) ) ;
#1964 = ADVANCED_FACE ( 'NONE', ( #2981, #1865 ), #879, .T. ) ;
#1965 = EDGE_LOOP ( 'NONE', ( #1935, #825, #1918, #3009 ) ) ;
#1966 = CARTESIAN_POINT ( 'NONE',  ( -0.9300000000000000488, 0.2300000000000000100, -1.405000000000000027 ) ) ;
#1967 = EDGE_LOOP ( 'NONE', ( #1661, #1108, #2198, #1800 ) ) ;
#1968 = EDGE_CURVE ( 'NONE', #902, #2028, #2942, .T. ) ;
#1969 = ORIENTED_EDGE ( 'NONE', *, *, #2536, .F. ) ;
#1970 = DIRECTION ( 'NONE',  ( 2.356054720978101885E-14, 0.000000000000000000, -1.000000000000000000 ) ) ;
#1971 = CARTESIAN_POINT ( 'NONE',  ( 0.9299999999999964961, 0.2600000000000000644, 1.655000000000000027 ) ) ;
#1972 = VERTEX_POINT ( 'NONE', #3067 ) ;
#1973 = EDGE_CURVE ( 'NONE', #2014, #2024, #819, .T. ) ;
#1974 = EDGE_LOOP ( 'NONE', ( #1134, #821, #576, #2706 ) ) ;
#1975 = DIRECTION ( 'NONE',  ( -1.000000000000000000, 0.000000000000000000, 1.042502088928369515E-14 ) ) ;
#1976 = CARTESIAN_POINT ( 'NONE',  ( 0.8899999999999995692, 1.080000000000000071, 1.364999999999999991 ) ) ;
#1977 = UNCERTAINTY_MEASURE_WITH_UNIT (LENGTH_MEASURE( 1.000000000000000082E-05 ), #2067, 'distance_accuracy_value', 'NONE');
#1978 = VERTEX_POINT ( 'NONE', #2783 ) ;
#1979 = DIRECTION ( 'NONE',  ( 0.000000000000000000, 0.000000000000000000, -1.000000000000000000 ) ) ;
#1980 = ORIENTED_EDGE ( 'NONE', *, *, #2681, .T. ) ;
#1981 = ORIENTED_EDGE ( 'NONE', *, *, #3106, .T. ) ;
#1982 = AXIS2_PLACEMENT_3D ( 'NONE', #2038, #305, #800 ) ;
#1983 = CARTESIAN_POINT ( 'NONE',  ( -0.6250000000000004441, 0.9799999999999999822, -1.100000000000000089 ) ) ;
#1984 = DIRECTION ( 'NONE',  ( 0.000000000000000000, 1.000000000000000000, -0.000000000000000000 ) ) ;
#1985 = CARTESIAN_POINT ( 'NONE',  ( -0.4754999999999783289, 0.05000000000000012768, -1.104000000000037174 ) ) ;
#1986 = EDGE_LOOP ( 'NONE', ( #62, #1636, #641, #2921 ) ) ;
#1987 = ADVANCED_FACE ( 'NONE', ( #827 ), #778, .T. ) ;
#1988 = EDGE_LOOP ( 'NONE', ( #3041, #3095, #88, #981 ) ) ;
#1989 = DIRECTION ( 'NONE',  ( -0.000000000000000000, -1.000000000000000000, -0.000000000000000000 ) ) ;
#1990 = ADVANCED_FACE ( 'NONE', ( #2957 ), #3200, .T. ) ;
#1991 = ORIENTED_EDGE ( 'NONE', *, *, #2216, .T. ) ;
#1992 = ORIENTED_EDGE ( 'NONE', *, *, #3048, .F. ) ;
#1993 = EDGE_CURVE ( 'NONE', #3129, #1929, #786, .T. ) ;
#1994 = ORIENTED_EDGE ( 'NONE', *, *, #154, .F. ) ;
#1995 = CARTESIAN_POINT ( 'NONE',  ( -0.8899999999999997913, 1.080000000000000071, 1.364999999999999991 ) ) ;
#1996 = CARTESIAN_POINT ( 'NONE',  ( 1.200500000000025214, 0.000000000000000000, -1.104000000000022075 ) ) ;
#1997 = ORIENTED_EDGE ( 'NONE', *, *, #941, .T. ) ;
#1998 = CARTESIAN_POINT ( 'NONE',  ( 9.950255243072245579E-17, 0.000000000000000000, 1.522499999999999964 ) ) ;
#1999 = PLANE ( 'NONE',  #1540 ) ;
#2000 = DIRECTION ( 'NONE',  ( -1.000000000000000000, -0.000000000000000000, -7.392287539673896450E-15 ) ) ;
#2001 = EDGE_CURVE ( 'NONE', #1167, #2214, #804, .T. ) ;
#2002 = ORIENTED_EDGE ( 'NONE', *, *, #1444, .T. ) ;
#2003 = ORIENTED_EDGE ( 'NONE', *, *, #3188, .F. ) ;
#2004 = CARTESIAN_POINT ( 'NONE',  ( 0.000000000000000000, 0.2300000000000000100, 0.5474999999999998757 ) ) ;
#2005 = CARTESIAN_POINT ( 'NONE',  ( -0.6250000000000004441, 1.080000000000000071, -1.100000000000000089 ) ) ;
#2006 = ORIENTED_EDGE ( 'NONE', *, *, #3177, .T. ) ;
#2007 = EDGE_CURVE ( 'NONE', #2210, #2879, #836, .T. ) ;
#2008 = ORIENTED_EDGE ( 'NONE', *, *, #1876, .F. ) ;
#2009 = CARTESIAN_POINT ( 'NONE',  ( -1.149999999999999911, 6.141519810323690542, 1.404999999999998472 ) ) ;
#2010 = CARTESIAN_POINT ( 'NONE',  ( -1.325000000000000400, 0.2300000000000000100, -1.750000000000000000 ) ) ;
#2011 = EDGE_LOOP ( 'NONE', ( #766, #1813, #2117, #3238 ) ) ;
#2012 = CARTESIAN_POINT ( 'NONE',  ( 0.9299999999999966072, 0.2600000000000000644, 1.655000000000000027 ) ) ;
#2013 = EDGE_CURVE ( 'NONE', #2235, #1750, #1902, .T. ) ;
#2014 = VERTEX_POINT ( 'NONE', #1789 ) ;
#2015 = ADVANCED_FACE ( 'NONE', ( #1917 ), #131, .F. ) ;
#2016 = EDGE_LOOP ( 'NONE', ( #368, #2331 ) ) ;
#2017 = ORIENTED_EDGE ( 'NONE', *, *, #2380, .F. ) ;
#2018 = DIRECTION ( 'NONE',  ( 1.042502088928369515E-14, 0.000000000000000000, -1.000000000000000000 ) ) ;
#2019 = ADVANCED_FACE ( 'NONE', ( #2295 ), #145, .F. ) ;
#2020 = DIRECTION ( 'NONE',  ( 0.000000000000000000, -1.000000000000000000, 0.000000000000000000 ) ) ;
#2021 = DIRECTION ( 'NONE',  ( 1.000000000000000000, 0.000000000000000000, -0.000000000000000000 ) ) ;
#2022 = ORIENTED_EDGE ( 'NONE', *, *, #622, .F. ) ;
#2023 = AXIS2_PLACEMENT_3D ( 'NONE', #2111, #2802, #3102 ) ;
#2024 = VERTEX_POINT ( 'NONE', #2799 ) ;
#2025 = CARTESIAN_POINT ( 'NONE',  ( 0.9299999999999996048, 0.3300000000000001266, -1.405000000000000027 ) ) ;
#2026 = ORIENTED_EDGE ( 'NONE', *, *, #2032, .F. ) ;
#2027 = AXIS2_PLACEMENT_3D ( 'NONE', #2585, #1103, #1814 ) ;
#2028 = VERTEX_POINT ( 'NONE', #3100 ) ;
#2029 = CARTESIAN_POINT ( 'NONE',  ( 0.4755000000000250693, 0.05000000000000000278, -1.104000000000022075 ) ) ;
#2030 = EDGE_LOOP ( 'NONE', ( #143, #1178, #592, #2780 ) ) ;
#2031 = CARTESIAN_POINT ( 'NONE',  ( -0.4754999999999783289, 0.000000000000000000, -1.104000000000037174 ) ) ;
#2032 = EDGE_CURVE ( 'NONE', #1049, #1004, #1212, .T. ) ;
#2033 = ORIENTED_EDGE ( 'NONE', *, *, #1246, .T. ) ;
#2034 = VERTEX_POINT ( 'NONE', #1186 ) ;
#2035 = ADVANCED_FACE ( 'NONE', ( #136 ), #1110, .F. ) ;
#2036 = VERTEX_POINT ( 'NONE', #1349 ) ;
#2037 = PLANE ( 'NONE',  #1397 ) ;
#2038 = CARTESIAN_POINT ( 'NONE',  ( -0.9300000000000000488, 0.8199999999999999512, 1.405000000000000027 ) ) ;
#2039 = EDGE_CURVE ( 'NONE', #964, #2903, #1226, .T. ) ;
#2040 = DIRECTION ( 'NONE',  ( 0.000000000000000000, 1.000000000000000000, 0.000000000000000000 ) ) ;
#2041 = ORIENTED_EDGE ( 'NONE', *, *, #32, .T. ) ;
#2042 = ADVANCED_FACE ( 'NONE', ( #150 ), #3151, .F. ) ;
#2043 = ORIENTED_EDGE ( 'NONE', *, *, #2269, .F. ) ;
#2044 = EDGE_LOOP ( 'NONE', ( #979, #2851, #676, #1011 ) ) ;
#2045 = SURFACE_STYLE_USAGE ( .BOTH. , #1329 ) ;
#2046 = VERTEX_POINT ( 'NONE', #3125 ) ;
#2047 = ORIENTED_EDGE ( 'NONE', *, *, #1388, .T. ) ;
#2048 = ORIENTED_EDGE ( 'NONE', *, *, #367, .T. ) ;
#2049 = CARTESIAN_POINT ( 'NONE',  ( 1.149999999999999467, 6.141519810323690542, -1.404999999999998472 ) ) ;
#2050 = AXIS2_PLACEMENT_3D ( 'NONE', #2283, #513, #834 ) ;
#2051 = ORIENTED_EDGE ( 'NONE', *, *, #790, .F. ) ;
#2052 = ORIENTED_EDGE ( 'NONE', *, *, #3149, .F. ) ;
#2053 = ORIENTED_EDGE ( 'NONE', *, *, #1412, .T. ) ;
#2054 = DIRECTION ( 'NONE',  ( 0.000000000000000000, -0.000000000000000000, 1.000000000000000000 ) ) ;
#2055 = AXIS2_PLACEMENT_3D ( 'NONE', #2785, #1126, #2564 ) ;
#2056 = ORIENTED_EDGE ( 'NONE', *, *, #2187, .T. ) ;
#2057 = ORIENTED_EDGE ( 'NONE', *, *, #947, .T. ) ;
#2058 = VERTEX_POINT ( 'NONE', #1333 ) ;
#2059 = DIRECTION ( 'NONE',  ( -1.000000000000000000, -0.000000000000000000, -0.000000000000000000 ) ) ;
#2060 = CARTESIAN_POINT ( 'NONE',  ( 1.200500000000007228, 0.000000000000000000, -0.8020000000000431228 ) ) ;
#2061 = DIRECTION ( 'NONE',  ( 0.000000000000000000, -1.000000000000000000, 0.000000000000000000 ) ) ;
#2062 = AXIS2_PLACEMENT_3D ( 'NONE', #1234, #2134, #1979 ) ;
#2063 = VERTEX_POINT ( 'NONE', #1392 ) ;
#2064 = ORIENTED_EDGE ( 'NONE', *, *, #2387, .T. ) ;
#2065 = ADVANCED_FACE ( 'NONE', ( #1231 ), #2273, .T. ) ;
#2066 = VERTEX_POINT ( 'NONE', #2358 ) ;
#2067 =( LENGTH_UNIT ( ) NAMED_UNIT ( * ) SI_UNIT ( .MILLI., .METRE. ) );
#2068 = PRESENTATION_LAYER_ASSIGNMENT (  '', '', ( #1239 ) ) ;
#2069 = CIRCLE ( 'NONE', #3113, 0.2199999999999999178 ) ;
#2070 = EDGE_LOOP ( 'NONE', ( #959, #1086, #2082, #1745 ) ) ;
#2071 = ADVANCED_FACE ( 'NONE', ( #1194, #9, #2285, #2195, #1146, #126 ), #2832, .T. ) ;
#2072 = ORIENTED_EDGE ( 'NONE', *, *, #659, .T. ) ;
#2073 = EDGE_LOOP ( 'NONE', ( #692, #2918, #3142, #1851 ) ) ;
#2074 = ADVANCED_FACE ( 'NONE', ( #111 ), #2175, .T. ) ;
#2075 = SURFACE_SIDE_STYLE ('',( #1575 ) ) ;
#2076 = VECTOR ( 'NONE', #310, 1000.000000000000000 ) ;
#2077 = DIRECTION ( 'NONE',  ( 0.000000000000000000, 0.000000000000000000, 1.000000000000000000 ) ) ;
#2078 = EDGE_CURVE ( 'NONE', #610, #3213, #2206, .T. ) ;
#2079 = EDGE_LOOP ( 'NONE', ( #2874, #1019, #1077, #65 ) ) ;
#2080 = ORIENTED_EDGE ( 'NONE', *, *, #2223, .F. ) ;
#2081 = CARTESIAN_POINT ( 'NONE',  ( 0.9299999999999966072, 0.2600000000000000644, 1.625000000000000000 ) ) ;
#2082 = ORIENTED_EDGE ( 'NONE', *, *, #1552, .T. ) ;
#2083 = CARTESIAN_POINT ( 'NONE',  ( -1.149999999999999911, 0.3300000000000004041, 1.404999999999998472 ) ) ;
#2084 = DIRECTION ( 'NONE',  ( 0.000000000000000000, -1.000000000000000000, 0.000000000000000000 ) ) ;
#2085 = VECTOR ( 'NONE', #1427, 1000.000000000000000 ) ;
#2086 = ORIENTED_EDGE ( 'NONE', *, *, #2318, .F. ) ;
#2087 = EDGE_LOOP ( 'NONE', ( #923, #808, #2043, #700 ) ) ;
#2088 = EDGE_CURVE ( 'NONE', #1007, #3179, #1119, .T. ) ;
#2089 = ORIENTED_EDGE ( 'NONE', *, *, #226, .T. ) ;
#2090 = PLANE ( 'NONE',  #1420 ) ;
#2091 = CARTESIAN_POINT ( 'NONE',  ( 0.9297902809856729567, 1.079141223985623954, 1.404790280985677597 ) ) ;
#2092 = DIRECTION ( 'NONE',  ( 0.000000000000000000, -1.000000000000000000, 0.000000000000000000 ) ) ;
#2093 = DIRECTION ( 'NONE',  ( 1.000000000000000000, 0.000000000000000000, 0.000000000000000000 ) ) ;
#2094 = ORIENTED_EDGE ( 'NONE', *, *, #1324, .T. ) ;
#2095 = ORIENTED_EDGE ( 'NONE', *, *, #571, .T. ) ;
#2096 = EDGE_CURVE ( 'NONE', #856, #1010, #31, .T. ) ;
#2097 = ORIENTED_EDGE ( 'NONE', *, *, #2307, .T. ) ;
#2098 = CARTESIAN_POINT ( 'NONE',  ( -0.6250000000000004441, 1.080000000000000071, -1.100000000000000089 ) ) ;
#2099 = CIRCLE ( 'NONE', #478, 0.03000000000000007869 ) ;
#2100 = CARTESIAN_POINT ( 'NONE',  ( -1.200499999999997236, 0.05000000000000000278, -0.2820000000000343343 ) ) ;
#2101 = ORIENTED_EDGE ( 'NONE', *, *, #2512, .F. ) ;
#2102 = ADVANCED_FACE ( 'NONE', ( #1129, #675 ), #1368, .F. ) ;
#2103 = ORIENTED_EDGE ( 'NONE', *, *, #1439, .F. ) ;
#2104 = EDGE_CURVE ( 'NONE', #1972, #2277, #594, .T. ) ;
#2105 = CARTESIAN_POINT ( 'NONE',  ( 1.049520862084193817, 1.042359154867713356, -1.524520862084192796 ) ) ;
#2106 = VECTOR ( 'NONE', #466, 1000.000000000000000 ) ;
#2107 = CARTESIAN_POINT ( 'NONE',  ( 0.9299999999999991607, 0.2600000000000000644, -1.625000000000000000 ) ) ;
#2108 = CARTESIAN_POINT ( 'NONE',  ( 0.8899999999999991251, 1.080000000000000071, 1.364999999999999991 ) ) ;
#2109 = VERTEX_POINT ( 'NONE', #523 ) ;
#2110 = PRESENTATION_LAYER_ASSIGNMENT (  '', '', ( #2786 ) ) ;
#2111 = CARTESIAN_POINT ( 'NONE',  ( -0.4755000000000038640, 0.05000000000000000278, -1.120304019825096509E-14 ) ) ;
#2112 = ORIENTED_EDGE ( 'NONE', *, *, #2632, .F. ) ;
#2113 = CARTESIAN_POINT ( 'NONE',  ( 0.9299999999999996048, 0.2817241379310346794, -1.405000000000000027 ) ) ;
#2114 = DIRECTION ( 'NONE',  ( 0.000000000000000000, 0.000000000000000000, -1.000000000000000000 ) ) ;
#2115 = EDGE_LOOP ( 'NONE', ( #105, #2205, #2961 ) ) ;
#2116 = AXIS2_PLACEMENT_3D ( 'NONE', #1586, #3109, #397 ) ;
#2117 = ORIENTED_EDGE ( 'NONE', *, *, #1360, .T. ) ;
#2118 = CARTESIAN_POINT ( 'NONE',  ( -0.9299999999999982725, 6.141519810323690542, 1.625000000000000000 ) ) ;
#2119 = CARTESIAN_POINT ( 'NONE',  ( 1.049520862084193817, 1.042359154867713356, 1.524520862084192796 ) ) ;
#2120 = CARTESIAN_POINT ( 'NONE',  ( -0.9299999999999987166, 0.2817241379310346794, -1.645689655172413834 ) ) ;
#2121 = VERTEX_POINT ( 'NONE', #2587 ) ;
#2122 = EDGE_LOOP ( 'NONE', ( #733, #1708, #2268, #769 ) ) ;
#2123 = EDGE_CURVE ( 'NONE', #2973, #1172, #794, .T. ) ;
#2124 = CARTESIAN_POINT ( 'NONE',  ( 0.9299999999999996048, 6.141519810323690542, -1.405000000000000027 ) ) ;
#2125 = COLOUR_RGB ( '',0.5019607843137254832, 0.5019607843137254832, 0.5019607843137254832 ) ;
#2126 = DIRECTION ( 'NONE',  ( -0.000000000000000000, -1.000000000000000000, -0.000000000000000000 ) ) ;
#2127 = EDGE_LOOP ( 'NONE', ( #1027, #705, #3155, #2064 ) ) ;
#2128 = EDGE_LOOP ( 'NONE', ( #1712, #1757, #1735, #2863 ) ) ;
#2129 = EDGE_CURVE ( 'NONE', #1145, #888, #1746, .T. ) ;
#2130 = CARTESIAN_POINT ( 'NONE',  ( 0.9967669089002855198, 1.067929915119500750, -1.471766908900286275 ) ) ;
#2131 = VECTOR ( 'NONE', #1458, 1000.000000000000000 ) ;
#2132 = DIRECTION ( 'NONE',  ( 0.000000000000000000, -1.000000000000000000, 0.000000000000000000 ) ) ;
#2133 = ORIENTED_EDGE ( 'NONE', *, *, #1207, .F. ) ;
#2134 = DIRECTION ( 'NONE',  ( -1.000000000000000000, -0.000000000000000000, 0.000000000000000000 ) ) ;
#2135 = DIRECTION ( 'NONE',  ( -1.000000000000000000, -0.000000000000000000, -0.000000000000000000 ) ) ;
#2136 = VERTEX_POINT ( 'NONE', #2457 ) ;
#2137 = CARTESIAN_POINT ( 'NONE',  ( -0.4754999999999898197, 0.000000000000000000, -4.957097432854290938E-15 ) ) ;
#2138 = EDGE_CURVE ( 'NONE', #2973, #3148, #616, .T. ) ;
#2139 = ORIENTED_EDGE ( 'NONE', *, *, #3063, .T. ) ;
#2140 = VERTEX_POINT ( 'NONE', #2621 ) ;
#2141 = DIRECTION ( 'NONE',  ( -1.042502088928369672E-14, 0.000000000000000000, 1.000000000000000000 ) ) ;
#2142 = CARTESIAN_POINT ( 'NONE',  ( 0.9219864165900020225, 0.9797838183819894686, 1.572911707835015216 ) ) ;
#2143 = CARTESIAN_POINT ( 'NONE',  ( 0.9299999999999979394, 0.8200000000000003952, 1.625000000000000000 ) ) ;
#2144 = DIRECTION ( 'NONE',  ( 0.000000000000000000, 0.000000000000000000, -1.000000000000000000 ) ) ;
#2145 = PLANE ( 'NONE',  #481 ) ;
#2146 = EDGE_CURVE ( 'NONE', #71, #2063, #2955, .T. ) ;
#2147 = VECTOR ( 'NONE', #2909, 1000.000000000000000 ) ;
#2148 = ORIENTED_EDGE ( 'NONE', *, *, #1182, .T. ) ;
#2149 = DIRECTION ( 'NONE',  ( -1.042502088928369672E-14, 0.000000000000000000, 1.000000000000000000 ) ) ;
#2150 = VERTEX_POINT ( 'NONE', #713 ) ;
#2151 = LINE ( 'NONE', #1006, #1101 ) ;
#2152 = ORIENTED_EDGE ( 'NONE', *, *, #2299, .T. ) ;
#2153 = STYLED_ITEM ( 'NONE', ( #273 ), #3183 ) ;
#2154 = ORIENTED_EDGE ( 'NONE', *, *, #1287, .T. ) ;
#2155 = AXIS2_PLACEMENT_3D ( 'NONE', #2461, #2956, #1423 ) ;
#2156 = CARTESIAN_POINT ( 'NONE',  ( 0.9297902809856732897, 1.079141223985623954, -1.404790280985677597 ) ) ;
#2157 = LINE ( 'NONE', #629, #2131 ) ;
#2158 = CARTESIAN_POINT ( 'NONE',  ( 1.200500000000036538, 0.05000000000000000278, -1.251523757758545834E-14 ) ) ;
#2159 = ORIENTED_EDGE ( 'NONE', *, *, #1768, .T. ) ;
#2160 = CARTESIAN_POINT ( 'NONE',  ( -0.6250000000000004441, 0.9799999999999999822, -1.100000000000000089 ) ) ;
#2161 = DIRECTION ( 'NONE',  ( 0.000000000000000000, 1.000000000000000000, 0.000000000000000000 ) ) ;
#2162 = ORIENTED_EDGE ( 'NONE', *, *, #1435, .T. ) ;
#2163 = DIRECTION ( 'NONE',  ( 1.042502088928369515E-14, 0.000000000000000000, 1.000000000000000000 ) ) ;
#2164 = AXIS2_PLACEMENT_3D ( 'NONE', #339, #826, #1732 ) ;
#2165 = ORIENTED_EDGE ( 'NONE', *, *, #2762, .T. ) ;
#2166 = ORIENTED_EDGE ( 'NONE', *, *, #1662, .T. ) ;
#2167 =( LENGTH_UNIT ( ) NAMED_UNIT ( * ) SI_UNIT ( .MILLI., .METRE. ) );
#2168 = CARTESIAN_POINT ( 'NONE',  ( -0.8899999999999999023, 1.080000000000000071, -1.364999999999999991 ) ) ;
#2169 = DIRECTION ( 'NONE',  ( 1.000000000000000000, 0.000000000000000000, 0.000000000000000000 ) ) ;
#2170 = DIRECTION ( 'NONE',  ( 1.042502088928369515E-14, 0.000000000000000000, -1.000000000000000000 ) ) ;
#2171 = LINE ( 'NONE', #1622, #1051 ) ;
#2172 = EDGE_CURVE ( 'NONE', #691, #1475, #784, .T. ) ;
#2173 = ORIENTED_EDGE ( 'NONE', *, *, #1925, .T. ) ;
#2174 = ORIENTED_EDGE ( 'NONE', *, *, #1585, .F. ) ;
#2175 = CYLINDRICAL_SURFACE ( 'NONE', #3026, 0.8125000000000001110 ) ;
#2176 = DIRECTION ( 'NONE',  ( 0.000000000000000000, -1.000000000000000000, 0.000000000000000000 ) ) ;
#2177 = LINE ( 'NONE', #980, #28 ) ;
#2178 = DIRECTION ( 'NONE',  ( 0.000000000000000000, 0.000000000000000000, -1.000000000000000000 ) ) ;
#2179 = ORIENTED_EDGE ( 'NONE', *, *, #2262, .T. ) ;
#2180 = EDGE_CURVE ( 'NONE', #2277, #1972, #2964, .T. ) ;
#2181 = ORIENTED_EDGE ( 'NONE', *, *, #1557, .T. ) ;
#2182 = CARTESIAN_POINT ( 'NONE',  ( 1.149994843143755441, 0.8840925111116826329, -1.624994843143754419 ) ) ;
#2183 = FACE_OUTER_BOUND ( 'NONE', #3040, .T. ) ;
#2184 = CARTESIAN_POINT ( 'NONE',  ( -0.9300000000000000488, 6.141519810323690542, -1.405000000000000027 ) ) ;
#2185 = ORIENTED_EDGE ( 'NONE', *, *, #1615, .F. ) ;
#2186 = CARTESIAN_POINT ( 'NONE',  ( 6.276314845630184232E-17, 0.05000000000000000278, 1.222499999999999920 ) ) ;
#2187 = EDGE_CURVE ( 'NONE', #714, #909, #601, .T. ) ;
#2188 = VERTEX_POINT ( 'NONE', #2466 ) ;
#2189 = SURFACE_STYLE_FILL_AREA ( #330 ) ;
#2190 = VERTEX_POINT ( 'NONE', #1474 ) ;
#2191 = ORIENTED_EDGE ( 'NONE', *, *, #66, .T. ) ;
#2192 = DIRECTION ( 'NONE',  ( 0.000000000000000000, 1.000000000000000000, 0.000000000000000000 ) ) ;
#2193 = DIRECTION ( 'NONE',  ( 0.000000000000000000, 0.000000000000000000, 1.000000000000000000 ) ) ;
#2194 = DIRECTION ( 'NONE',  ( 0.000000000000000000, 0.000000000000000000, 1.000000000000000000 ) ) ;
#2195 = FACE_BOUND ( 'NONE', #3031, .T. ) ;
#2196 = CYLINDRICAL_SURFACE ( 'NONE', #1854, 0.1625000000000000056 ) ;
#2197 = VERTEX_POINT ( 'NONE', #1601 ) ;
#2198 = ORIENTED_EDGE ( 'NONE', *, *, #1557, .F. ) ;
#2199 = UNCERTAINTY_MEASURE_WITH_UNIT (LENGTH_MEASURE( 1.000000000000000082E-05 ), #621, 'distance_accuracy_value', 'NONE');
#2200 = VECTOR ( 'NONE', #2412, 1000.000000000000000 ) ;
#2201 = CARTESIAN_POINT ( 'NONE',  ( 0.000000000000000000, 0.05000000000000000278, 0.000000000000000000 ) ) ;
#2202 = CARTESIAN_POINT ( 'NONE',  ( -0.9300000000000000488, 0.2600000000000000644, 1.405000000000000027 ) ) ;
#2203 = ORIENTED_EDGE ( 'NONE', *, *, #1499, .T. ) ;
#2204 = AXIS2_PLACEMENT_3D ( 'NONE', #1068, #2563, #2760 ) ;
#2205 = ORIENTED_EDGE ( 'NONE', *, *, #347, .F. ) ;
#2206 = LINE ( 'NONE', #3077, #25 ) ;
#2207 = DIRECTION ( 'NONE',  ( 0.000000000000000000, -1.000000000000000000, 0.000000000000000000 ) ) ;
#2208 = VECTOR ( 'NONE', #2264, 1000.000000000000000 ) ;
#2209 = DIRECTION ( 'NONE',  ( -0.000000000000000000, -1.000000000000000000, -0.000000000000000000 ) ) ;
#2210 = VERTEX_POINT ( 'NONE', #2004 ) ;
#2211 = ORIENTED_EDGE ( 'NONE', *, *, #2876, .F. ) ;
#2212 = AXIS2_PLACEMENT_3D ( 'NONE', #1298, #1825, #1495 ) ;
#2213 = VERTEX_POINT ( 'NONE', #1197 ) ;
#2214 = VERTEX_POINT ( 'NONE', #452 ) ;
#2215 = CARTESIAN_POINT ( 'NONE',  ( 1.990051048614448869E-17, 0.2300000000000000100, 0.8724999999999999423 ) ) ;
#2216 = EDGE_CURVE ( 'NONE', #714, #3141, #2151, .T. ) ;
#2217 = FILL_AREA_STYLE ('',( #2881 ) ) ;
#2218 = PLANE ( 'NONE',  #844 ) ;
#2219 = LINE ( 'NONE', #1509, #1165 ) ;
#2220 = DIRECTION ( 'NONE',  ( 0.000000000000000000, 0.000000000000000000, -1.000000000000000000 ) ) ;
#2221 = CLOSED_SHELL ( 'NONE', ( #17, #1727, #2703, #2071, #318, #14, #763, #3084, #2486, #2363, #2251, #1083, #2684, #3030, #336, #1302, #2986, #3203, #517, #2916, #1543, #1028, #944, #2506, #1490, #2606, #2567, #2804, #1208, #1370, #341, #774, #2544, #2334 ) ) ;
#2222 = EDGE_LOOP ( 'NONE', ( #1830, #2008 ) ) ;
#2223 = EDGE_CURVE ( 'NONE', #2188, #3190, #1063, .T. ) ;
#2224 = ADVANCED_FACE ( 'NONE', ( #2 ), #1643, .F. ) ;
#2225 = CARTESIAN_POINT ( 'NONE',  ( 1.324999999999999512, 0.000000000000000000, -1.750000000000000000 ) ) ;
#2226 = ORIENTED_EDGE ( 'NONE', *, *, #2262, .F. ) ;
#2227 = EDGE_LOOP ( 'NONE', ( #3001, #948, #2094, #1923 ) ) ;
#2228 = CARTESIAN_POINT ( 'NONE',  ( -1.020939167867465081, 1.047185192899470874, 1.385144487364224908 ) ) ;
#2229 = ORIENTED_EDGE ( 'NONE', *, *, #1435, .F. ) ;
#2230 = CARTESIAN_POINT ( 'NONE',  ( -1.170689655172413968, 0.2817241379310346794, 0.000000000000000000 ) ) ;
#2231 = ORIENTED_EDGE ( 'NONE', *, *, #465, .F. ) ;
#2232 = DIRECTION ( 'NONE',  ( -0.000000000000000000, -0.000000000000000000, 1.000000000000000000 ) ) ;
#2233 = ORIENTED_EDGE ( 'NONE', *, *, #417, .T. ) ;
#2234 = CIRCLE ( 'NONE', #3070, 0.03000000000000007869 ) ;
#2235 = VERTEX_POINT ( 'NONE', #241 ) ;
#2236 = VERTEX_POINT ( 'NONE', #2289 ) ;
#2237 = DIRECTION ( 'NONE',  ( 1.042502088928369515E-14, 0.000000000000000000, -1.000000000000000000 ) ) ;
#2238 = DIRECTION ( 'NONE',  ( 1.478457507934779329E-15, 0.000000000000000000, 1.000000000000000000 ) ) ;
#2239 = MECHANICAL_DESIGN_GEOMETRIC_PRESENTATION_REPRESENTATION (  '', ( #551 ), #1731 ) ;
#2240 = VECTOR ( 'NONE', #362, 1000.000000000000000 ) ;
#2241 = DIRECTION ( 'NONE',  ( -0.000000000000000000, -1.000000000000000000, -0.000000000000000000 ) ) ;
#2242 = EDGE_LOOP ( 'NONE', ( #943, #2026, #3091, #2139 ) ) ;
#2243 = AXIS2_PLACEMENT_3D ( 'NONE', #1166, #1598, #1394 ) ;
#2244 = EDGE_LOOP ( 'NONE', ( #1980, #1450, #1469, #184 ) ) ;
#2245 = FACE_OUTER_BOUND ( 'NONE', #2915, .T. ) ;
#2246 = AXIS2_PLACEMENT_3D ( 'NONE', #410, #630, #939 ) ;
#2247 = COLOUR_RGB ( '',1.000000000000000000, 0.8117647058823529438, 0.5019607843137254832 ) ;
#2248 = EDGE_LOOP ( 'NONE', ( #3163, #949, #2080, #3208 ) ) ;
#2249 = ORIENTED_EDGE ( 'NONE', *, *, #2691, .F. ) ;
#2250 = CYLINDRICAL_SURFACE ( 'NONE', #137, 0.03000000000000007869 ) ;
#2251 = ADVANCED_FACE ( 'NONE', ( #10 ), #1113, .F. ) ;
#2252 = DIRECTION ( 'NONE',  ( 1.042502088928369515E-14, 0.000000000000000000, 1.000000000000000000 ) ) ;
#2253 = FACE_OUTER_BOUND ( 'NONE', #1260, .T. ) ;
#2254 = AXIS2_PLACEMENT_3D ( 'NONE', #782, #843, #1332 ) ;
#2255 = ORIENTED_EDGE ( 'NONE', *, *, #1620, .T. ) ;
#2256 = FILL_AREA_STYLE ('',( #765 ) ) ;
#2257 = ORIENTED_EDGE ( 'NONE', *, *, #195, .T. ) ;
#2258 = CARTESIAN_POINT ( 'NONE',  ( -1.049520862084194261, 1.042359154867713356, -1.524520862084192796 ) ) ;
#2259 = DIRECTION ( 'NONE',  ( 0.000000000000000000, -0.000000000000000000, -1.000000000000000000 ) ) ;
#2260 = CIRCLE ( 'NONE', #3161, 0.2199999999999999178 ) ;
#2261 = ORIENTED_EDGE ( 'NONE', *, *, #2887, .T. ) ;
#2262 = EDGE_CURVE ( 'NONE', #2309, #2136, #2171, .T. ) ;
#2263 = VERTEX_POINT ( 'NONE', #2215 ) ;
#2264 = DIRECTION ( 'NONE',  ( 0.000000000000000000, -1.000000000000000000, 0.000000000000000000 ) ) ;
#2265 = CARTESIAN_POINT ( 'NONE',  ( 1.149999999999999467, 0.2600000000000000644, -1.404999999999996918 ) ) ;
#2266 = CARTESIAN_POINT ( 'NONE',  ( 1.200500000000012779, 0.000000000000000000, -0.2820000000000429941 ) ) ;
#2267 = FACE_OUTER_BOUND ( 'NONE', #1967, .T. ) ;
#2268 = ORIENTED_EDGE ( 'NONE', *, *, #1283, .T. ) ;
#2269 = EDGE_CURVE ( 'NONE', #1243, #3029, #3171, .T. ) ;
#2270 = ORIENTED_EDGE ( 'NONE', *, *, #2732, .F. ) ;
#2271 = CARTESIAN_POINT ( 'NONE',  ( -0.6250000000000004441, 0.9799999999999999822, -1.200000000000000178 ) ) ;
#2272 = CARTESIAN_POINT ( 'NONE',  ( 1.200500000000007228, 0.05000000000000000278, -0.8020000000000431228 ) ) ;
#2273 = CYLINDRICAL_SURFACE ( 'NONE', #264, 0.2199999999999999178 ) ;
#2274 = DIRECTION ( 'NONE',  ( -1.000000000000000000, -0.000000000000000000, -0.000000000000000000 ) ) ;
#2275 = CIRCLE ( 'NONE', #2635, 0.5124999999999999556 ) ;
#2276 = ORIENTED_EDGE ( 'NONE', *, *, #2887, .F. ) ;
#2277 = VERTEX_POINT ( 'NONE', #3010 ) ;
#2278 = EDGE_CURVE ( 'NONE', #3213, #3051, #1033, .T. ) ;
#2279 = CARTESIAN_POINT ( 'NONE',  ( 9.950255243072245579E-17, 0.05000000000000000278, 1.522499999999999964 ) ) ;
#2280 = FACE_OUTER_BOUND ( 'NONE', #1036, .T. ) ;
#2281 = EDGE_LOOP ( 'NONE', ( #833, #1252 ) ) ;
#2282 = DIRECTION ( 'NONE',  ( 1.000000000000000000, 0.000000000000000000, -0.000000000000000000 ) ) ;
#2283 = CARTESIAN_POINT ( 'NONE',  ( 0.000000000000000000, 2.348097038856279628, -1.624000000000037414 ) ) ;
#2284 = AXIS2_PLACEMENT_3D ( 'NONE', #1534, #3086, #1123 ) ;
#2285 = FACE_BOUND ( 'NONE', #2044, .T. ) ;
#2286 = LINE ( 'NONE', #1097, #2376 ) ;
#2287 = AXIS2_PLACEMENT_3D ( 'NONE', #2937, #3226, #2989 ) ;
#2288 = EDGE_LOOP ( 'NONE', ( #965, #674, #3236, #3204 ) ) ;
#2289 = CARTESIAN_POINT ( 'NONE',  ( 0.4755000000000129123, 0.05000000000000000278, -0.2820000000000429385 ) ) ;
#2290 = DIRECTION ( 'NONE',  ( 1.000000000000000000, 0.000000000000000000, -7.477256361968997712E-17 ) ) ;
#2291 = LINE ( 'NONE', #2389, #1181 ) ;
#2292 = VERTEX_POINT ( 'NONE', #194 ) ;
#2293 = AXIS2_PLACEMENT_3D ( 'NONE', #2424, #202, #1179 ) ;
#2294 = DIRECTION ( 'NONE',  ( 1.000000000000000000, 0.000000000000000000, 0.000000000000000000 ) ) ;
#2295 = FACE_OUTER_BOUND ( 'NONE', #841, .T. ) ;
#2296 = CARTESIAN_POINT ( 'NONE',  ( -0.9299999999999982725, 0.2300000000000000100, 1.625000000000000000 ) ) ;
#2297 = VECTOR ( 'NONE', #1434, 1000.000000000000000 ) ;
#2298 = ORIENTED_EDGE ( 'NONE', *, *, #2681, .F. ) ;
#2299 = EDGE_CURVE ( 'NONE', #812, #712, #2177, .T. ) ;
#2300 = VECTOR ( 'NONE', #140, 1000.000000000000000 ) ;
#2301 = LINE ( 'NONE', #1652, #2297 ) ;
#2302 = DIRECTION ( 'NONE',  ( -1.042502088928369515E-14, 0.000000000000000000, -1.000000000000000000 ) ) ;
#2303 = DIRECTION ( 'NONE',  ( 0.000000000000000000, 0.000000000000000000, 1.000000000000000000 ) ) ;
#2304 = ORIENTED_EDGE ( 'NONE', *, *, #2312, .T. ) ;
#2305 = CARTESIAN_POINT ( 'NONE',  ( -0.8952367276162871423, 1.080000000000000071, -1.399038729505868384 ) ) ;
#2306 = PLANE ( 'NONE',  #2426 ) ;
#2307 = EDGE_CURVE ( 'NONE', #2058, #94, #2157, .T. ) ;
#2308 = LINE ( 'NONE', #583, #2240 ) ;
#2309 = VERTEX_POINT ( 'NONE', #1664 ) ;
#2310 = CARTESIAN_POINT ( 'NONE',  ( 0.000000000000000000, 0.05000000000000000278, 0.7099999999999999645 ) ) ;
#2311 = ADVANCED_FACE ( 'NONE', ( #3156 ), #2452, .T. ) ;
#2312 = EDGE_CURVE ( 'NONE', #2933, #2109, #3233, .T. ) ;
#2313 = ADVANCED_FACE ( 'NONE', ( #1072 ), #937, .F. ) ;
#2314 = ORIENTED_EDGE ( 'NONE', *, *, #1313, .T. ) ;
#2315 = CARTESIAN_POINT ( 'NONE',  ( 0.4755000000000046412, 0.05000000000000000278, 1.397901476064977039E-14 ) ) ;
#2316 = CARTESIAN_POINT ( 'NONE',  ( -1.149999999999999911, 0.3300000000000001266, 0.000000000000000000 ) ) ;
#2317 = CYLINDRICAL_SURFACE ( 'NONE', #172, 0.5124999999999999556 ) ;
#2318 = EDGE_CURVE ( 'NONE', #684, #2984, #1121, .T. ) ;
#2319 = MANIFOLD_SOLID_BREP ( 'Boss-Extrude4[1]', #3105 ) ;
#2320 = ORIENTED_EDGE ( 'NONE', *, *, #66, .F. ) ;
#2321 = DIRECTION ( 'NONE',  ( 0.000000000000000000, -1.000000000000000000, 0.000000000000000000 ) ) ;
#2322 = CARTESIAN_POINT ( 'NONE',  ( 0.4755000000000129123, 0.000000000000000000, -0.2820000000000429385 ) ) ;
#2323 = VERTEX_POINT ( 'NONE', #1296 ) ;
#2324 = DIRECTION ( 'NONE',  ( 0.000000000000000000, -0.000000000000000000, 1.000000000000000000 ) ) ;
#2325 = AXIS2_PLACEMENT_3D ( 'NONE', #3004, #27, #128 ) ;
#2326 = FACE_BOUND ( 'NONE', #2222, .T. ) ;
#2327 = ORIENTED_EDGE ( 'NONE', *, *, #957, .T. ) ;
#2328 = FACE_OUTER_BOUND ( 'NONE', #720, .T. ) ;
#2329 = LINE ( 'NONE', #255, #1275 ) ;
#2330 = AXIS2_PLACEMENT_3D ( 'NONE', #2584, #1307, #1326 ) ;
#2331 = ORIENTED_EDGE ( 'NONE', *, *, #2104, .T. ) ;
#2332 = CYLINDRICAL_SURFACE ( 'NONE', #471, 0.2199999999999999178 ) ;
#2333 = CARTESIAN_POINT ( 'NONE',  ( 6.276314845630184232E-17, 0.000000000000000000, 1.222499999999999920 ) ) ;
#2334 = ADVANCED_FACE ( 'NONE', ( #3189 ), #2196, .F. ) ;
#2335 = CARTESIAN_POINT ( 'NONE',  ( -0.9300000000000000488, 0.8199999999999999512, 1.625000000000000000 ) ) ;
#2336 = CARTESIAN_POINT ( 'NONE',  ( -1.149999999999999911, 0.8200000000000003952, 1.404999999999998472 ) ) ;
#2337 = FACE_BOUND ( 'NONE', #751, .T. ) ;
#2338 = EDGE_CURVE ( 'NONE', #2150, #745, #2069, .T. ) ;
#2339 = CARTESIAN_POINT ( 'NONE',  ( -0.4754999999999783289, 0.05000000000000000278, -1.104000000000037174 ) ) ;
#2340 =( BOUNDED_CURVE ( )  B_SPLINE_CURVE ( 3, ( #1464, #2603, #590, #2336 ),
 .UNSPECIFIED., .F., .F. ) 
 B_SPLINE_CURVE_WITH_KNOTS ( ( 4, 4 ),
 ( 4.712388980384689674, 6.283185307179584456 ),
 .UNSPECIFIED. ) 
 CURVE ( )  GEOMETRIC_REPRESENTATION_ITEM ( )  RATIONAL_B_SPLINE_CURVE ( ( 1.000000000000000000, 0.8047378541243649375, 0.8047378541243649375, 1.000000000000000000 ) ) 
 REPRESENTATION_ITEM ( '' )  );
#2341 = DIRECTION ( 'NONE',  ( 0.000000000000000000, -1.000000000000000000, 0.000000000000000000 ) ) ;
#2342 = EDGE_LOOP ( 'NONE', ( #837, #2056, #1910, #3007 ) ) ;
#2343 = LINE ( 'NONE', #1363, #1285 ) ;
#2344 = FACE_OUTER_BOUND ( 'NONE', #2079, .T. ) ;
#2345 =( NAMED_UNIT ( * ) PLANE_ANGLE_UNIT ( ) SI_UNIT ( $, .RADIAN. ) );
#2346 = APPLICATION_PROTOCOL_DEFINITION ( 'draft international standard', 'automotive_design', 1998, #1304 ) ;
#2347 = CARTESIAN_POINT ( 'NONE',  ( 1.149999999999999467, 0.8199999999999999512, 1.625000000000000000 ) ) ;
#2348 = EDGE_CURVE ( 'NONE', #890, #1475, #1039, .T. ) ;
#2349 = VERTEX_POINT ( 'NONE', #82 ) ;
#2350 = DIRECTION ( 'NONE',  ( 1.000000000000000000, 0.000000000000000000, -2.702738940006844559E-15 ) ) ;
#2351 = PLANE ( 'NONE',  #685 ) ;
#2352 = VECTOR ( 'NONE', #858, 1000.000000000000000 ) ;
#2353 = CIRCLE ( 'NONE', #2848, 0.06666666666666626329 ) ;
#2354 = DIRECTION ( 'NONE',  ( 0.000000000000000000, 0.000000000000000000, -1.000000000000000000 ) ) ;
#2355 = FACE_OUTER_BOUND ( 'NONE', #3134, .T. ) ;
#2356 = VECTOR ( 'NONE', #1603, 1000.000000000000000 ) ;
#2357 = AXIS2_PLACEMENT_3D ( 'NONE', #356, #548, #313 ) ;
#2358 = CARTESIAN_POINT ( 'NONE',  ( 0.9299999999999979394, 0.3300000000000004041, 1.625000000000000000 ) ) ;
#2359 = PLANE ( 'NONE',  #1456 ) ;
#2360 = SURFACE_STYLE_USAGE ( .BOTH. , #850 ) ;
#2361 = CARTESIAN_POINT ( 'NONE',  ( 0.000000000000000000, 0.05000000000000000278, 0.7099999999999999645 ) ) ;
#2362 = VECTOR ( 'NONE', #259, 1000.000000000000000 ) ;
#2363 = ADVANCED_FACE ( 'NONE', ( #3164 ), #1022, .T. ) ;
#2364 = LINE ( 'NONE', #1502, #187 ) ;
#2365 = DIRECTION ( 'NONE',  ( 1.000000000000000000, 0.000000000000000000, 0.000000000000000000 ) ) ;
#2366 = CARTESIAN_POINT ( 'NONE',  ( 0.9004701872249813999, 1.073232164006397316, 1.433056216962383722 ) ) ;
#2367 = PLANE ( 'NONE',  #1742 ) ;
#2368 = CARTESIAN_POINT ( 'NONE',  ( -0.8899999999999999023, 0.8199999999999999512, 0.000000000000000000 ) ) ;
#2369 = AXIS2_PLACEMENT_3D ( 'NONE', #593, #369, #913 ) ;
#2370 = FACE_OUTER_BOUND ( 'NONE', #1045, .T. ) ;
#2371 = FACE_OUTER_BOUND ( 'NONE', #1899, .T. ) ;
#2372 = DIRECTION ( 'NONE',  ( 0.000000000000000000, 1.000000000000000000, 0.000000000000000000 ) ) ;
#2373 = CYLINDRICAL_SURFACE ( 'NONE', #451, 0.2600000000000000089 ) ;
#2374 = AXIS2_PLACEMENT_3D ( 'NONE', #1546, #1894, #144 ) ;
#2375 = CARTESIAN_POINT ( 'NONE',  ( -0.6250000000000004441, 0.9799999999999999822, -1.100000000000000089 ) ) ;
#2376 = VECTOR ( 'NONE', #476, 1000.000000000000000 ) ;
#2377 = VECTOR ( 'NONE', #1277, 1000.000000000000000 ) ;
#2378 = CARTESIAN_POINT ( 'NONE',  ( 1.097911707835015127, 0.9797838183819888025, -1.396986416590002333 ) ) ;
#2379 = CARTESIAN_POINT ( 'NONE',  ( 0.9096325669405638248, 1.080000112146719315, 1.384632566940566134 ) ) ;
#2380 = EDGE_CURVE ( 'NONE', #699, #1817, #2099, .T. ) ;
#2381 = CARTESIAN_POINT ( 'NONE',  ( -0.9967669089002859639, 1.067929915119500750, 1.471766908900286275 ) ) ;
#2382 = DIRECTION ( 'NONE',  ( 0.000000000000000000, 0.000000000000000000, -1.000000000000000000 ) ) ;
#2383 = CIRCLE ( 'NONE', #2458, 0.5124999999999999556 ) ;
#2384 = CARTESIAN_POINT ( 'NONE',  ( -1.200499999999991685, 0.000000000000000000, -0.8020000000000344631 ) ) ;
#2385 = DIRECTION ( 'NONE',  ( 0.000000000000000000, -1.000000000000000000, 0.000000000000000000 ) ) ;
#2386 = FACE_OUTER_BOUND ( 'NONE', #2127, .T. ) ;
#2387 = EDGE_CURVE ( 'NONE', #2903, #936, #1084, .T. ) ;
#2388 = ADVANCED_FACE ( 'NONE', ( #2183 ), #1074, .T. ) ;
#2389 = CARTESIAN_POINT ( 'NONE',  ( 0.4755000000000365601, 0.05000000000000000278, -4.957097432854778454E-15 ) ) ;
#2390 = CARTESIAN_POINT ( 'NONE',  ( 0.9967669089002855198, 1.067929915119500750, 1.471766908900286275 ) ) ;
#2391 = CARTESIAN_POINT ( 'NONE',  ( 0.9134314575050758167, 1.080000000000000071, 1.517304473782995489 ) ) ;
#2392 = CARTESIAN_POINT ( 'NONE',  ( 1.200500000000036538, 0.000000000000000000, -1.251523757758545834E-14 ) ) ;
#2393 = DIRECTION ( 'NONE',  ( 0.000000000000000000, 0.000000000000000000, 1.000000000000000000 ) ) ;
#2394 = VECTOR ( 'NONE', #1550, 1000.000000000000000 ) ;
#2395 = VECTOR ( 'NONE', #2290, 1000.000000000000000 ) ;
#2396 = CARTESIAN_POINT ( 'NONE',  ( 1.149999999999999467, 0.8540379109755191767, -1.404999979550914713 ) ) ;
#2397 = DIRECTION ( 'NONE',  ( 0.000000000000000000, -0.000000000000000000, -1.000000000000000000 ) ) ;
#2398 = CARTESIAN_POINT ( 'NONE',  ( 1.324999999999999512, 0.2300000000000000100, -1.750000000000000000 ) ) ;
#2399 = AXIS2_PLACEMENT_3D ( 'NONE', #3193, #1419, #1180 ) ;
#2400 = DIRECTION ( 'NONE',  ( 7.228014483236677820E-15, 0.000000000000000000, -1.000000000000000000 ) ) ;
#2401 = CARTESIAN_POINT ( 'NONE',  ( 0.4755000000000250693, 0.05000000000000012768, -1.104000000000022075 ) ) ;
#2402 = AXIS2_PLACEMENT_3D ( 'NONE', #1872, #2193, #2435 ) ;
#2403 = CARTESIAN_POINT ( 'NONE',  ( 0.9580562169623818569, 1.073232164006397982, 1.375470187224982155 ) ) ;
#2404 = DIRECTION ( 'NONE',  ( 1.042502088928369672E-14, 0.000000000000000000, 1.000000000000000000 ) ) ;
#2405 = LINE ( 'NONE', #2644, #2362 ) ;
#2406 = DIRECTION ( 'NONE',  ( 0.000000000000000000, 0.000000000000000000, 1.000000000000000000 ) ) ;
#2407 = CARTESIAN_POINT ( 'NONE',  ( -0.4755000000000038640, 2.348097038856279628, -1.120304019825096509E-14 ) ) ;
#2408 = CARTESIAN_POINT ( 'NONE',  ( -0.4755000000000038640, 0.05000000000000000278, -1.120304019825096509E-14 ) ) ;
#2409 = EDGE_CURVE ( 'NONE', #993, #2717, #86, .T. ) ;
#2410 = LINE ( 'NONE', #2892, #193 ) ;
#2411 = CARTESIAN_POINT ( 'NONE',  ( 0.9299999795509146239, 0.8540379109755187326, -1.625000000000000000 ) ) ;
#2412 = DIRECTION ( 'NONE',  ( -1.000000000000000000, 0.000000000000000000, 0.000000000000000000 ) ) ;
#2413 = CARTESIAN_POINT ( 'NONE',  ( -1.149994843143755885, 0.8840925111116830770, -1.624994843143757306 ) ) ;
#2414 = CARTESIAN_POINT ( 'NONE',  ( -0.6250000000000004441, 0.6971572875253806423, -1.000000000000000000 ) ) ;
#2415 = DIRECTION ( 'NONE',  ( -0.000000000000000000, -1.000000000000000000, 0.000000000000000000 ) ) ;
#2416 = PLANE ( 'NONE',  #407 ) ;
#2417 = EDGE_CURVE ( 'NONE', #707, #1041, #1170, .T. ) ;
#2418 = LINE ( 'NONE', #152, #2356 ) ;
#2419 = CARTESIAN_POINT ( 'NONE',  ( 0.000000000000000000, 0.05000000000000000278, 0.000000000000000000 ) ) ;
#2420 = DIRECTION ( 'NONE',  ( 0.000000000000000000, 1.000000000000000000, 0.000000000000000000 ) ) ;
#2421 = LINE ( 'NONE', #209, #1279 ) ;
#2422 = CARTESIAN_POINT ( 'NONE',  ( 0.000000000000000000, 0.05000000000000012768, 0.7099999999999999645 ) ) ;
#2423 = VECTOR ( 'NONE', #4, 1000.000000000000000 ) ;
#2424 = CARTESIAN_POINT ( 'NONE',  ( 0.000000000000000000, 0.000000000000000000, 0.7099999999999999645 ) ) ;
#2425 = CARTESIAN_POINT ( 'NONE',  ( 0.4755000000000250693, 0.000000000000000000, -1.104000000000022075 ) ) ;
#2426 = AXIS2_PLACEMENT_3D ( 'NONE', #734, #2670, #1682 ) ;
#2427 = CIRCLE ( 'NONE', #1454, 0.8125000000000001110 ) ;
#2428 = CARTESIAN_POINT ( 'NONE',  ( 1.117185644326245786, 0.9509380780268221756, -1.399951637588653375 ) ) ;
#2429 = CARTESIAN_POINT ( 'NONE',  ( 0.9299999999999979394, 0.8200000000000003952, -1.625000000000000000 ) ) ;
#2430 = CARTESIAN_POINT ( 'NONE',  ( -1.149999999999999911, 0.2300000000000000100, 1.404999999999997140 ) ) ;
#2431 = PRESENTATION_STYLE_ASSIGNMENT (( #1483 ) ) ;
#2432 = LINE ( 'NONE', #835, #2520 ) ;
#2433 = AXIS2_PLACEMENT_3D ( 'NONE', #2576, #1956, #681 ) ;
#2434 = DIRECTION ( 'NONE',  ( 0.000000000000000000, -1.000000000000000000, 0.000000000000000000 ) ) ;
#2435 = DIRECTION ( 'NONE',  ( 1.000000000000000000, 0.000000000000000000, -0.000000000000000000 ) ) ;
#2436 = DIRECTION ( 'NONE',  ( -0.000000000000000000, 0.000000000000000000, 1.000000000000000000 ) ) ;
#2437 = VECTOR ( 'NONE', #1057, 1000.000000000000000 ) ;
#2438 = EDGE_CURVE ( 'NONE', #884, #2066, #2260, .T. ) ;
#2439 = MANIFOLD_SOLID_BREP ( 'Cut-Extrude1', #3215 ) ;
#2440 = COLOUR_RGB ( '',0.7921568627450980005, 0.8196078431372548767, 0.9333333333333333481 ) ;
#2441 = LINE ( 'NONE', #1315, #2505 ) ;
#2442 = PLANE ( 'NONE',  #935 ) ;
#2443 = DIRECTION ( 'NONE',  ( 1.000000000000000000, 0.000000000000000000, 7.477256361968996479E-17 ) ) ;
#2444 = EDGE_CURVE ( 'NONE', #660, #2534, #83, .T. ) ;
#2445 = PLANE ( 'NONE',  #1461 ) ;
#2446 = FACE_OUTER_BOUND ( 'NONE', #2070, .T. ) ;
#2447 = CARTESIAN_POINT ( 'NONE',  ( 1.170689655172413524, 0.2817241379310346794, -1.404999999999996696 ) ) ;
#2448 = CARTESIAN_POINT ( 'NONE',  ( -0.4754999999999849347, 0.05000000000000000278, -0.8020000000000372387 ) ) ;
#2449 = EDGE_CURVE ( 'NONE', #3027, #94, #2308, .T. ) ;
#2450 = LINE ( 'NONE', #67, #2496 ) ;
#2451 = AXIS2_PLACEMENT_3D ( 'NONE', #2792, #3216, #946 ) ;
#2452 = PLANE ( 'NONE',  #1401 ) ;
#2453 = CARTESIAN_POINT ( 'NONE',  ( -1.149999999999999911, 6.141519810323690542, 1.404999999999998472 ) ) ;
#2454 = CARTESIAN_POINT ( 'NONE',  ( -1.149999999999999911, 6.141519810323690542, -1.404999999999998472 ) ) ;
#2455 = LINE ( 'NONE', #2414, #348 ) ;
#2456 = CARTESIAN_POINT ( 'NONE',  ( -0.4754999999999728888, 0.000000000000000000, -1.624000000000037414 ) ) ;
#2457 = CARTESIAN_POINT ( 'NONE',  ( 1.200500000000007228, 0.05000000000000000278, -0.8020000000000431228 ) ) ;
#2458 = AXIS2_PLACEMENT_3D ( 'NONE', #2710, #52, #2738 ) ;
#2459 = CIRCLE ( 'NONE', #2155, 0.5124999999999999556 ) ;
#2460 = FACE_OUTER_BOUND ( 'NONE', #557, .T. ) ;
#2461 = CARTESIAN_POINT ( 'NONE',  ( 0.000000000000000000, 0.05000000000000012768, 0.7099999999999999645 ) ) ;
#2462 = PLANE ( 'NONE',  #2023 ) ;
#2463 = ADVANCED_FACE ( 'NONE', ( #2253 ), #559, .F. ) ;
#2464 = LINE ( 'NONE', #1771, #301 ) ;
#2465 = VECTOR ( 'NONE', #1536, 1000.000000000000000 ) ;
#2466 = CARTESIAN_POINT ( 'NONE',  ( -1.325000000000000400, 0.2300000000000000100, 1.750000000000000000 ) ) ;
#2467 = EDGE_CURVE ( 'NONE', #2349, #2292, #2275, .T. ) ;
#2468 = FACE_OUTER_BOUND ( 'NONE', #570, .T. ) ;
#2469 = CIRCLE ( 'NONE', #1106, 0.03000000000000007869 ) ;
#2470 = PLANE ( 'NONE',  #1448 ) ;
#2471 = EDGE_CURVE ( 'NONE', #1041, #3137, #1217, .T. ) ;
#2472 = LINE ( 'NONE', #799, #2494 ) ;
#2473 = LINE ( 'NONE', #1342, #2465 ) ;
#2474 = CARTESIAN_POINT ( 'NONE',  ( -1.149999999999999911, 0.2600000000000000644, -1.404999999999998028 ) ) ;
#2475 = CARTESIAN_POINT ( 'NONE',  ( -0.9101444873642254851, 1.047185192899471540, 1.495939167867463837 ) ) ;
#2476 = LINE ( 'NONE', #1927, #311 ) ;
#2477 = DIRECTION ( 'NONE',  ( 0.000000000000000000, 0.000000000000000000, 1.000000000000000000 ) ) ;
#2478 = CARTESIAN_POINT ( 'NONE',  ( 1.170689655172413524, 0.2817241379310346794, -1.404999999999996918 ) ) ;
#2479 = DIRECTION ( 'NONE',  ( 0.000000000000000000, 0.000000000000000000, -1.000000000000000000 ) ) ;
#2480 = COLOUR_RGB ( '',0.7921568627450980005, 0.8196078431372548767, 0.9333333333333333481 ) ;
#2481 = LINE ( 'NONE', #1463, #1371 ) ;
#2482 = EDGE_CURVE ( 'NONE', #1070, #694, #121, .T. ) ;
#2483 = CARTESIAN_POINT ( 'NONE',  ( -1.200499999999989686, 0.000000000000000000, -1.251523757758496925E-14 ) ) ;
#2484 = CARTESIAN_POINT ( 'NONE',  ( 0.9299999999999979394, 6.141519810323690542, -1.625000000000000000 ) ) ;
#2485 = DIRECTION ( 'NONE',  ( -2.939855890778051341E-14, 0.000000000000000000, 1.000000000000000000 ) ) ;
#2486 = ADVANCED_FACE ( 'NONE', ( #2326, #54 ), #1548, .F. ) ;
#2487 = LINE ( 'NONE', #2699, #2437 ) ;
#2488 = CARTESIAN_POINT ( 'NONE',  ( 1.149999999999999467, 0.3300000000000004041, -1.404999999999998472 ) ) ;
#2489 = PRESENTATION_LAYER_ASSIGNMENT (  '', '', ( #2696 ) ) ;
#2490 = CARTESIAN_POINT ( 'NONE',  ( -0.9299999999999972733, 0.2600000000000000644, -1.655000000000000027 ) ) ;
#2491 = LINE ( 'NONE', #1334, #1366 ) ;
#2492 = AXIS2_PLACEMENT_3D ( 'NONE', #2265, #2675, #1459 ) ;
#2493 = DIRECTION ( 'NONE',  ( 0.000000000000000000, 0.000000000000000000, 1.000000000000000000 ) ) ;
#2494 = VECTOR ( 'NONE', #1065, 1000.000000000000000 ) ;
#2495 = DIRECTION ( 'NONE',  ( -0.000000000000000000, -1.000000000000000000, -0.000000000000000000 ) ) ;
#2496 = VECTOR ( 'NONE', #1479, 1000.000000000000000 ) ;
#2497 = AXIS2_PLACEMENT_3D ( 'NONE', #1355, #1336, #506 ) ;
#2498 = CARTESIAN_POINT ( 'NONE',  ( 1.200500000000025214, 0.05000000000000012768, -1.104000000000022075 ) ) ;
#2499 = DIRECTION ( 'NONE',  ( -1.000000000000000000, 0.000000000000000000, 0.000000000000000000 ) ) ;
#2500 = LINE ( 'NONE', #2186, #290 ) ;
#2501 = LINE ( 'NONE', #1405, #291 ) ;
#2502 = EDGE_CURVE ( 'NONE', #2764, #6, #2291, .T. ) ;
#2503 = DIRECTION ( 'NONE',  ( -0.000000000000000000, -1.000000000000000000, -0.000000000000000000 ) ) ;
#2504 = CARTESIAN_POINT ( 'NONE',  ( -1.200499999999997236, 0.000000000000000000, -0.2820000000000343343 ) ) ;
#2505 = VECTOR ( 'NONE', #278, 1000.000000000000000 ) ;
#2506 = ADVANCED_FACE ( 'NONE', ( #1130 ), #2090, .T. ) ;
#2507 = EDGE_CURVE ( 'NONE', #1934, #2534, #1214, .T. ) ;
#2508 = ADVANCED_FACE ( 'NONE', ( #2280 ), #2317, .F. ) ;
#2509 = VECTOR ( 'NONE', #223, 1000.000000000000000 ) ;
#2510 = VECTOR ( 'NONE', #2126, 1000.000000000000000 ) ;
#2511 = CARTESIAN_POINT ( 'NONE',  ( 1.324999999999999512, 0.000000000000000000, 1.750000000000000000 ) ) ;
#2512 = EDGE_CURVE ( 'NONE', #1032, #699, #2234, .T. ) ;
#2513 = FACE_OUTER_BOUND ( 'NONE', #680, .T. ) ;
#2514 = CARTESIAN_POINT ( 'NONE',  ( -0.9297902809856744000, 1.079141223985623066, 1.404790280985676487 ) ) ;
#2515 = FACE_BOUND ( 'NONE', #1078, .T. ) ;
#2516 = DIRECTION ( 'NONE',  ( 0.000000000000000000, -1.000000000000000000, 0.000000000000000000 ) ) ;
#2517 = CARTESIAN_POINT ( 'NONE',  ( 0.000000000000000000, 0.000000000000000000, 0.7099999999999999645 ) ) ;
#2518 = PLANE ( 'NONE',  #1791 ) ;
#2519 = EDGE_CURVE ( 'NONE', #2213, #2323, #1227, .T. ) ;
#2520 = VECTOR ( 'NONE', #1099, 1000.000000000000000 ) ;
#2521 = PRESENTATION_LAYER_ASSIGNMENT (  '', '', ( #1300 ) ) ;
#2522 = DIRECTION ( 'NONE',  ( -1.971276677246372308E-15, 0.000000000000000000, -1.000000000000000000 ) ) ;
#2523 = AXIS2_PLACEMENT_3D ( 'NONE', #1471, #1577, #163 ) ;
#2524 = CARTESIAN_POINT ( 'NONE',  ( -1.200499999999997236, 0.05000000000000012768, -0.2820000000000343343 ) ) ;
#2525 = CIRCLE ( 'NONE', #2254, 0.06666666666666626329 ) ;
#2526 = ADVANCED_FACE ( 'NONE', ( #157 ), #129, .T. ) ;
#2527 = CARTESIAN_POINT ( 'NONE',  ( 1.179999999999999716, 0.2600000000000000644, 1.404999999999999583 ) ) ;
#2528 = CARTESIAN_POINT ( 'NONE',  ( -0.9300000000000000488, 0.2600000000000000644, -1.405000000000000027 ) ) ;
#2529 = AXIS2_PLACEMENT_3D ( 'NONE', #873, #2837, #1511 ) ;
#2530 = CARTESIAN_POINT ( 'NONE',  ( 0.000000000000000000, 0.000000000000000000, 0.000000000000000000 ) ) ;
#2531 = CARTESIAN_POINT ( 'NONE',  ( 0.4755000000000129123, 0.05000000000000000278, -0.2820000000000429385 ) ) ;
#2532 = DIRECTION ( 'NONE',  ( 8.131516293641332164E-15, 0.000000000000000000, -1.000000000000000000 ) ) ;
#2533 = EDGE_CURVE ( 'NONE', #2984, #1145, #37, .T. ) ;
#2534 = VERTEX_POINT ( 'NONE', #510 ) ;
#2535 = ORIENTED_EDGE ( 'NONE', *, *, #1493, .T. ) ;
#2536 = EDGE_CURVE ( 'NONE', #1048, #2046, #1136, .T. ) ;
#2537 = DIRECTION ( 'NONE',  ( 2.939855890778051341E-14, 0.000000000000000000, -1.000000000000000000 ) ) ;
#2538 = DIRECTION ( 'NONE',  ( 0.000000000000000000, 0.000000000000000000, -1.000000000000000000 ) ) ;
#2539 = CARTESIAN_POINT ( 'NONE',  ( -0.9289587250122498530, 0.8880573068030235273, 1.618231712579623283 ) ) ;
#2540 = VERTEX_POINT ( 'NONE', #1225 ) ;
#2541 = EDGE_CURVE ( 'NONE', #73, #3029, #2301, .T. ) ;
#2542 = DIRECTION ( 'NONE',  ( 1.000000000000000000, 0.000000000000000000, -7.477256361968997712E-17 ) ) ;
#2543 = CARTESIAN_POINT ( 'NONE',  ( 0.000000000000000000, 0.05000000000000012768, -1.624000000000022093 ) ) ;
#2544 = ADVANCED_FACE ( 'NONE', ( #2267 ), #234, .T. ) ;
#2545 = DIRECTION ( 'NONE',  ( 0.000000000000000000, 0.000000000000000000, -1.000000000000000000 ) ) ;
#2546 = PRODUCT_CONTEXT ( 'NONE', #1304, 'mechanical' ) ;
#2547 = DIRECTION ( 'NONE',  ( -0.000000000000000000, -1.000000000000000000, -0.000000000000000000 ) ) ;
#2548 = MECHANICAL_DESIGN_GEOMETRIC_PRESENTATION_REPRESENTATION (  '', ( #2696 ), #3116 ) ;
#2549 = CARTESIAN_POINT ( 'NONE',  ( -0.8899999999999993472, 1.080000000000000071, -1.364999999999999991 ) ) ;
#2550 = VERTEX_POINT ( 'NONE', #1971 ) ;
#2551 = AXIS2_PLACEMENT_3D ( 'NONE', #432, #673, #1449 ) ;
#2552 = DIRECTION ( 'NONE',  ( 0.000000000000000000, -1.000000000000000000, 0.000000000000000000 ) ) ;
#2553 = CARTESIAN_POINT ( 'NONE',  ( -0.9300000000000000488, 0.3300000000000001266, -1.405000000000000027 ) ) ;
#2554 = CARTESIAN_POINT ( 'NONE',  ( 0.9299999999999996048, 0.3300000000000001266, -1.405000000000000027 ) ) ;
#2555 = CARTESIAN_POINT ( 'NONE',  ( -1.097911707835015571, 0.9797838183819888025, 1.396986416590002333 ) ) ;
#2556 = EDGE_LOOP ( 'NONE', ( #1835, #775, #2889, #1142 ) ) ;
#2557 = DIRECTION ( 'NONE',  ( 1.000000000000000000, -0.000000000000000000, -0.000000000000000000 ) ) ;
#2558 = PLANE ( 'NONE',  #276 ) ;
#2559 = LINE ( 'NONE', #3032, #1485 ) ;
#2560 = DIRECTION ( 'NONE',  ( 0.000000000000000000, -1.000000000000000000, 0.000000000000000000 ) ) ;
#2561 = CARTESIAN_POINT ( 'NONE',  ( 1.020939167867464636, 1.047185192899470874, 1.385144487364224908 ) ) ;
#2562 = EDGE_CURVE ( 'NONE', #694, #884, #103, .T. ) ;
#2563 = DIRECTION ( 'NONE',  ( -1.000000000000000000, 0.000000000000000000, -1.042502088928369515E-14 ) ) ;
#2564 = DIRECTION ( 'NONE',  ( 0.000000000000000000, 0.000000000000000000, -1.000000000000000000 ) ) ;
#2565 = CARTESIAN_POINT ( 'NONE',  ( -1.180000000000000160, 0.2600000000000000644, -1.404999999999998028 ) ) ;
#2566 = ORIENTED_EDGE ( 'NONE', *, *, #622, .T. ) ;
#2567 = ADVANCED_FACE ( 'NONE', ( #63 ), #2518, .F. ) ;
#2568 = CARTESIAN_POINT ( 'NONE',  ( -1.200499999999991685, 0.05000000000000012768, -0.8020000000000344631 ) ) ;
#2569 = EDGE_CURVE ( 'NONE', #707, #2066, #70, .T. ) ;
#2570 = DIRECTION ( 'NONE',  ( 1.000000000000000000, -0.000000000000000000, 0.000000000000000000 ) ) ;
#2571 = LINE ( 'NONE', #434, #1457 ) ;
#2572 = CARTESIAN_POINT ( 'NONE',  ( 0.9101444873642250410, 1.047185192899471540, -1.495939167867463837 ) ) ;
#2573 = CARTESIAN_POINT ( 'NONE',  ( 0.000000000000000000, 0.05000000000000000278, 0.000000000000000000 ) ) ;
#2574 = DIRECTION ( 'NONE',  ( -1.042502088928369515E-14, 0.000000000000000000, -1.000000000000000000 ) ) ;
#2575 = FACE_OUTER_BOUND ( 'NONE', #866, .T. ) ;
#2576 = CARTESIAN_POINT ( 'NONE',  ( -0.9299999999999987166, 0.2600000000000000644, -1.625000000000000000 ) ) ;
#2577 = CARTESIAN_POINT ( 'NONE',  ( 0.8899999999999995692, 1.080000000000000071, 1.364999999999999991 ) ) ;
#2578 = CARTESIAN_POINT ( 'NONE',  ( 0.9145821259049210505, 1.027911707835015287, 1.524783818381989287 ) ) ;
#2579 = PLANE ( 'NONE',  #2402 ) ;
#2580 = CARTESIAN_POINT ( 'NONE',  ( 0.000000000000000000, 0.05000000000000000278, 0.000000000000000000 ) ) ;
#2581 =( GEOMETRIC_REPRESENTATION_CONTEXT ( 3 ) GLOBAL_UNCERTAINTY_ASSIGNED_CONTEXT ( ( #3140 ) ) GLOBAL_UNIT_ASSIGNED_CONTEXT ( ( #2167, #2345, #1836 ) ) REPRESENTATION_CONTEXT ( 'NONE', 'WORKASPACE' ) );
#2582 = DIRECTION ( 'NONE',  ( -1.000000000000000000, -0.000000000000000000, -0.000000000000000000 ) ) ;
#2583 = VECTOR ( 'NONE', #1348, 1000.000000000000000 ) ;
#2584 = CARTESIAN_POINT ( 'NONE',  ( -0.9300000000000000488, 0.2817241379310346794, -1.405000000000000027 ) ) ;
#2585 = CARTESIAN_POINT ( 'NONE',  ( 0.000000000000000000, 0.000000000000000000, 0.7099999999999999645 ) ) ;
#2586 = STYLED_ITEM ( 'NONE', ( #2692 ), #247 ) ;
#2587 = CARTESIAN_POINT ( 'NONE',  ( 1.200500000000019662, 0.000000000000000000, -1.624000000000022093 ) ) ;
#2588 = ORIENTED_EDGE ( 'NONE', *, *, #2104, .F. ) ;
#2589 = CARTESIAN_POINT ( 'NONE',  ( 0.9727386907803705629, 1.073246512625022131, -1.447738690780367765 ) ) ;
#2590 = DIRECTION ( 'NONE',  ( -1.000000000000000000, 0.000000000000000000, 1.042502088928369515E-14 ) ) ;
#2591 = EDGE_CURVE ( 'NONE', #3190, #1049, #112, .T. ) ;
#2592 =( BOUNDED_CURVE ( )  B_SPLINE_CURVE ( 3, ( #2168, #174, #2816, #584 ),
 .UNSPECIFIED., .F., .F. ) 
 B_SPLINE_CURVE_WITH_KNOTS ( ( 4, 4 ),
 ( 4.712388980384689674, 6.283185307179584456 ),
 .UNSPECIFIED. ) 
 CURVE ( )  GEOMETRIC_REPRESENTATION_ITEM ( )  RATIONAL_B_SPLINE_CURVE ( ( 1.000000000000000000, 0.8047378541243649375, 0.8047378541243649375, 1.000000000000000000 ) ) 
 REPRESENTATION_ITEM ( '' )  );
#2593 = VECTOR ( 'NONE', #2495, 1000.000000000000000 ) ;
#2594 = DIRECTION ( 'NONE',  ( 0.000000000000000000, 0.000000000000000000, -1.000000000000000000 ) ) ;
#2595 = CARTESIAN_POINT ( 'NONE',  ( 0.4755000000000365601, 0.000000000000000000, -4.957097432854778454E-15 ) ) ;
#2596 = EDGE_CURVE ( 'NONE', #1018, #2944, #2286, .T. ) ;
#2597 = CARTESIAN_POINT ( 'NONE',  ( 0.000000000000000000, 2.348097038856279628, 0.7099999999999999645 ) ) ;
#2598 =( NAMED_UNIT ( * ) PLANE_ANGLE_UNIT ( ) SI_UNIT ( $, .RADIAN. ) );
#2599 = CARTESIAN_POINT ( 'NONE',  ( 0.000000000000000000, 0.000000000000000000, 0.5474999999999998757 ) ) ;
#2600 = DIRECTION ( 'NONE',  ( -1.042502088928369515E-14, 0.000000000000000000, 1.000000000000000000 ) ) ;
#2601 = LINE ( 'NONE', #1055, #2583 ) ;
#2602 = EDGE_CURVE ( 'NONE', #1223, #2897, #1247, .T. ) ;
#2603 = CARTESIAN_POINT ( 'NONE',  ( -1.042304473782994956, 1.080000000000000071, 1.388431457505076461 ) ) ;
#2604 = DIRECTION ( 'NONE',  ( 2.356054720978101885E-14, 0.000000000000000000, -1.000000000000000000 ) ) ;
#2605 = VECTOR ( 'NONE', #462, 1000.000000000000000 ) ;
#2606 = ADVANCED_FACE ( 'NONE', ( #2371 ), #2306, .F. ) ;
#2607 = DIRECTION ( 'NONE',  ( -1.000000000000000000, 0.000000000000000000, -0.000000000000000000 ) ) ;
#2608 = DIRECTION ( 'NONE',  ( 0.000000000000000000, 0.000000000000000000, -1.000000000000000000 ) ) ;
#2609 = AXIS2_PLACEMENT_3D ( 'NONE', #3002, #473, #1517 ) ;
#2610 = CARTESIAN_POINT ( 'NONE',  ( -1.170689655172413968, 0.2817241379310346794, -1.404999999999997584 ) ) ;
#2611 = DIRECTION ( 'NONE',  ( 0.000000000000000000, 0.000000000000000000, -1.000000000000000000 ) ) ;
#2612 = DIRECTION ( 'NONE',  ( -1.211315530639012186E-14, 0.000000000000000000, -1.000000000000000000 ) ) ;
#2613 = AXIS2_PLACEMENT_3D ( 'NONE', #316, #505, #115 ) ;
#2614 = DIRECTION ( 'NONE',  ( 0.000000000000000000, -1.000000000000000000, 0.000000000000000000 ) ) ;
#2615 = CARTESIAN_POINT ( 'NONE',  ( 0.9299999999999996048, 0.2300000000000000100, 1.405000000000000027 ) ) ;
#2616 = DIRECTION ( 'NONE',  ( -0.000000000000000000, 1.000000000000000000, -0.000000000000000000 ) ) ;
#2617 = CARTESIAN_POINT ( 'NONE',  ( -1.149999999999999911, 0.2600000000000000644, 1.405000000000005134 ) ) ;
#2618 = VECTOR ( 'NONE', #1698, 1000.000000000000000 ) ;
#2619 = AXIS2_PLACEMENT_3D ( 'NONE', #3130, #579, #2163 ) ;
#2620 = CARTESIAN_POINT ( 'NONE',  ( 1.216666666666665897, 0.3300000000000001266, -1.404999999999996474 ) ) ;
#2621 = CARTESIAN_POINT ( 'NONE',  ( -1.149999999999999911, 0.2300000000000000100, 1.405000000000005134 ) ) ;
#2622 = LINE ( 'NONE', #2315, #1558 ) ;
#2623 = EDGE_CURVE ( 'NONE', #1929, #30, #2383, .T. ) ;
#2624 = CARTESIAN_POINT ( 'NONE',  ( 1.049783818381989420, 1.027911707835015065, -1.389582125904921250 ) ) ;
#2625 = DIRECTION ( 'NONE',  ( -0.000000000000000000, 1.000000000000000000, -0.000000000000000000 ) ) ;
#2626 = SURFACE_SIDE_STYLE ('',( #1352 ) ) ;
#2627 = CYLINDRICAL_SURFACE ( 'NONE', #192, 0.06666666666666626329 ) ;
#2628 = CARTESIAN_POINT ( 'NONE',  ( 0.000000000000000000, 0.05000000000000012768, -1.104000000000037174 ) ) ;
#2629 = CARTESIAN_POINT ( 'NONE',  ( 1.200500000000036538, 0.05000000000000012768, -1.251523757758545834E-14 ) ) ;
#2630 = DIRECTION ( 'NONE',  ( -1.000000000000000000, 0.000000000000000000, 0.000000000000000000 ) ) ;
#2631 = CARTESIAN_POINT ( 'NONE',  ( -1.200499999999978362, 0.000000000000000000, -1.104000000000037174 ) ) ;
#2632 = EDGE_CURVE ( 'NONE', #2066, #1908, #2353, .T. ) ;
#2633 = CARTESIAN_POINT ( 'NONE',  ( 1.149999999999999467, 0.2600000000000000644, -1.404999999999996918 ) ) ;
#2634 = VECTOR ( 'NONE', #597, 1000.000000000000000 ) ;
#2635 = AXIS2_PLACEMENT_3D ( 'NONE', #124, #2814, #173 ) ;
#2636 = CARTESIAN_POINT ( 'NONE',  ( -0.9299999999999982725, 6.141519810323690542, 1.625000000000000000 ) ) ;
#2637 = DIRECTION ( 'NONE',  ( -1.000000000000000000, 0.000000000000000000, 0.000000000000000000 ) ) ;
#2638 =( NAMED_UNIT ( * ) PLANE_ANGLE_UNIT ( ) SI_UNIT ( $, .RADIAN. ) );
#2639 = CARTESIAN_POINT ( 'NONE',  ( -0.9299999795509150680, 0.8540379109755187326, -1.625000000000000000 ) ) ;
#2640 = AXIS2_PLACEMENT_3D ( 'NONE', #693, #262, #457 ) ;
#2641 = FACE_OUTER_BOUND ( 'NONE', #20, .T. ) ;
#2642 = FILL_AREA_STYLE ('',( #1218 ) ) ;
#2643 =( LENGTH_UNIT ( ) NAMED_UNIT ( * ) SI_UNIT ( .MILLI., .METRE. ) );
#2644 = CARTESIAN_POINT ( 'NONE',  ( 1.149999999999999467, 0.2300000000000000100, 1.404999999999998250 ) ) ;
#2645 = STYLED_ITEM ( 'NONE', ( #796 ), #648 ) ;
#2646 = FACE_OUTER_BOUND ( 'NONE', #2115, .T. ) ;
#2647 = DIRECTION ( 'NONE',  ( 1.000000000000000000, 0.000000000000000000, 0.000000000000000000 ) ) ;
#2648 = FACE_OUTER_BOUND ( 'NONE', #1878, .T. ) ;
#2649 = EDGE_CURVE ( 'NONE', #1951, #748, #2927, .T. ) ;
#2650 = CARTESIAN_POINT ( 'NONE',  ( -0.9096325669405636027, 1.080000112146722646, 1.384632566940565468 ) ) ;
#2651 = DIRECTION ( 'NONE',  ( 0.000000000000000000, -0.000000000000000000, -1.000000000000000000 ) ) ;
#2652 = CARTESIAN_POINT ( 'NONE',  ( -1.097911707835015571, 0.9797838183819888025, -1.396986416590002333 ) ) ;
#2653 = CYLINDRICAL_SURFACE ( 'NONE', #2754, 0.8125000000000001110 ) ;
#2654 = EDGE_CURVE ( 'NONE', #3139, #1750, #2364, .T. ) ;
#2655 = DIRECTION ( 'NONE',  ( -0.000000000000000000, 1.000000000000000000, -0.000000000000000000 ) ) ;
#2656 = DIRECTION ( 'NONE',  ( -0.000000000000000000, -1.000000000000000000, -0.000000000000000000 ) ) ;
#2657 = DIRECTION ( 'NONE',  ( 0.000000000000000000, 1.000000000000000000, 0.000000000000000000 ) ) ;
#2658 = DIRECTION ( 'NONE',  ( 0.000000000000000000, 1.000000000000000000, -0.000000000000000000 ) ) ;
#2659 = LINE ( 'NONE', #3099, #446 ) ;
#2660 = ADVANCED_FACE ( 'NONE', ( #201 ), #1069, .F. ) ;
#2661 = CARTESIAN_POINT ( 'NONE',  ( 0.000000000000000000, 0.05000000000000000278, -1.624000000000022093 ) ) ;
#2662 = LINE ( 'NONE', #1792, #1617 ) ;
#2663 = FACE_OUTER_BOUND ( 'NONE', #2242, .T. ) ;
#2664 = CARTESIAN_POINT ( 'NONE',  ( 0.000000000000000000, 0.05000000000000000278, 0.7099999999999999645 ) ) ;
#2665 = VECTOR ( 'NONE', #2061, 1000.000000000000000 ) ;
#2666 =( BOUNDED_CURVE ( )  B_SPLINE_CURVE ( 3, ( #1232, #1914, #164, #3221 ),
 .UNSPECIFIED., .F., .F. ) 
 B_SPLINE_CURVE_WITH_KNOTS ( ( 4, 4 ),
 ( 4.712388980384689674, 6.283185307179584456 ),
 .UNSPECIFIED. ) 
 CURVE ( )  GEOMETRIC_REPRESENTATION_ITEM ( )  RATIONAL_B_SPLINE_CURVE ( ( 1.000000000000000000, 0.8047378541243649375, 0.8047378541243649375, 1.000000000000000000 ) ) 
 REPRESENTATION_ITEM ( '' )  );
#2667 = CIRCLE ( 'NONE', #2212, 0.8125000000000001110 ) ;
#2668 = APPLICATION_CONTEXT ( 'automotive_design' ) ;
#2669 = DIRECTION ( 'NONE',  ( -0.000000000000000000, -0.000000000000000000, 1.000000000000000000 ) ) ;
#2670 = DIRECTION ( 'NONE',  ( -1.000000000000000000, 0.000000000000000000, -1.042502088928369672E-14 ) ) ;
#2671 = AXIS2_PLACEMENT_3D ( 'NONE', #2422, #337, #823 ) ;
#2672 = CYLINDRICAL_SURFACE ( 'NONE', #1802, 0.03000000000000007869 ) ;
#2673 = DIRECTION ( 'NONE',  ( 1.042502088928369515E-14, 0.000000000000000000, 1.000000000000000000 ) ) ;
#2674 = EDGE_CURVE ( 'NONE', #2213, #1007, #2329, .T. ) ;
#2675 = DIRECTION ( 'NONE',  ( 7.885106708985489231E-15, 0.000000000000000000, -1.000000000000000000 ) ) ;
#2676 = DIRECTION ( 'NONE',  ( -1.211315530639012502E-14, 0.000000000000000000, -1.000000000000000000 ) ) ;
#2677 = CIRCLE ( 'NONE', #2523, 0.2199999999999999178 ) ;
#2678 = FACE_OUTER_BOUND ( 'NONE', #1850, .T. ) ;
#2679 = DIRECTION ( 'NONE',  ( -1.000000000000000000, 0.000000000000000000, 0.000000000000000000 ) ) ;
#2680 = DIRECTION ( 'NONE',  ( 0.000000000000000000, 0.000000000000000000, -1.000000000000000000 ) ) ;
#2681 = EDGE_CURVE ( 'NONE', #1893, #3139, #1291, .T. ) ;
#2682 = CARTESIAN_POINT ( 'NONE',  ( -3.118314993195672637E-15, 0.000000000000000000, -0.8020000000000391260 ) ) ;
#2683 = ADVANCED_FACE ( 'NONE', ( #205 ), #176, .F. ) ;
#2684 = ADVANCED_FACE ( 'NONE', ( #2337, #1254 ), #2351, .T. ) ;
#2685 = EDGE_CURVE ( 'NONE', #2879, #1116, #1266, .T. ) ;
#2686 = VECTOR ( 'NONE', #2232, 1000.000000000000000 ) ;
#2687 = DIRECTION ( 'NONE',  ( 0.000000000000000000, 0.000000000000000000, 1.000000000000000000 ) ) ;
#2688 = ADVANCED_FACE ( 'NONE', ( #2344 ), #198, .T. ) ;
#2689 = DIRECTION ( 'NONE',  ( 1.000000000000000000, 0.000000000000000000, 0.000000000000000000 ) ) ;
#2690 = LINE ( 'NONE', #357, #1621 ) ;
#2691 = EDGE_CURVE ( 'NONE', #6, #2214, #1270, .T. ) ;
#2692 = PRESENTATION_STYLE_ASSIGNMENT (( #2898 ) ) ;
#2693 = DIRECTION ( 'NONE',  ( -1.000000000000000000, 0.000000000000000000, -7.477256361968996479E-17 ) ) ;
#2694 = LINE ( 'NONE', #1374, #2733 ) ;
#2695 = VECTOR ( 'NONE', #358, 1000.000000000000000 ) ;
#2696 = STYLED_ITEM ( 'NONE', ( #2431 ), #1357 ) ;
#2697 = DIRECTION ( 'NONE',  ( -0.000000000000000000, -1.000000000000000000, -0.000000000000000000 ) ) ;
#2698 = STYLED_ITEM ( 'NONE', ( #2803 ), #1554 ) ;
#2699 = CARTESIAN_POINT ( 'NONE',  ( -1.200500000000000123, 0.000000000000000000, -1.251523757758507811E-14 ) ) ;
#2700 = CIRCLE ( 'NONE', #2906, 0.03000000000000007869 ) ;
#2701 = ORIENTED_EDGE ( 'NONE', *, *, #2417, .T. ) ;
#2702 = FACE_OUTER_BOUND ( 'NONE', #3056, .T. ) ;
#2703 = ADVANCED_FACE ( 'NONE', ( #210 ), #1863, .T. ) ;
#2704 = AXIS2_PLACEMENT_3D ( 'NONE', #1541, #469, #750 ) ;
#2705 = VECTOR ( 'NONE', #1498, 1000.000000000000000 ) ;
#2706 = ORIENTED_EDGE ( 'NONE', *, *, #2674, .T. ) ;
#2707 = DIRECTION ( 'NONE',  ( 0.000000000000000000, 0.000000000000000000, 1.000000000000000000 ) ) ;
#2708 = CARTESIAN_POINT ( 'NONE',  ( -0.8899999999999999023, 1.080000000000000071, -1.364999999999999991 ) ) ;
#2709 = CARTESIAN_POINT ( 'NONE',  ( -2.108586294075578256E-17, 2.348097038856279628, -0.2820000000000428830 ) ) ;
#2710 = CARTESIAN_POINT ( 'NONE',  ( 0.000000000000000000, 0.000000000000000000, 0.7099999999999999645 ) ) ;
#2711 = DIRECTION ( 'NONE',  ( 1.000000000000000000, 0.000000000000000000, -7.477256361968997712E-17 ) ) ;
#2712 =( BOUNDED_SURFACE ( )  B_SPLINE_SURFACE ( 3, 2, ( 
 ( #2335, #847, #297 ),
 ( #483, #785, #1314 ),
 ( #2539, #1111, #3057 ),
 ( #89, #818, #1350 ),
 ( #1080, #1790, #2555 ),
 ( #1827, #2381, #2800 ),
 ( #2475, #1481, #2228 ),
 ( #1705, #2514, #701 ),
 ( #21, #2650, #1467 ),
 ( #1995, #1952, #1451 ) ),
 .UNSPECIFIED., .F., .F., .F. ) 
 B_SPLINE_SURFACE_WITH_KNOTS ( ( 4, 2, 2, 2, 4 ),
 ( 3, 3 ),
 ( 6.283185307179586232, 6.675884388878310816, 7.068583470577034511, 7.461282552275758206, 7.853981633974482790 ),
 ( 0.000000000000000000, 1.000000000000000000 ),
 .UNSPECIFIED. ) 
 GEOMETRIC_REPRESENTATION_ITEM ( )  RATIONAL_B_SPLINE_SURFACE ( (
 ( 1.000000000000000000, 0.7071067811865476838, 1.000000000000000000),
 ( 1.000000000000000000, 0.7066641704626808185, 1.000000000000000000),
 ( 1.000000000000000000, 0.7265671660862571546, 1.000000000000000000),
 ( 1.000000000000000000, 0.7876630736109465625, 1.000000000000000000),
 ( 1.000000000000000000, 0.8282475386265257811, 1.000000000000000000),
 ( 1.000000000000000000, 0.9038032689423507460, 1.000000000000000000),
 ( 1.000000000000000000, 0.9386593608469910865, 1.000000000000000000),
 ( 1.000000000000000000, 0.9867254789153212524, 1.000000000000000000),
 ( 1.000000000000000000, 1.000161367428748838, 1.000000000000000000),
 ( 1.000000000000000000, 1.000000000000000000, 1.000000000000000000) ) ) 
 REPRESENTATION_ITEM ( '' )  SURFACE ( )  );
#2713 = ADVANCED_FACE ( 'NONE', ( #1884 ), #2373, .T. ) ;
#2714 = PRODUCT_DEFINITION_CONTEXT ( 'detailed design', #2668, 'design' ) ;
#2715 = LINE ( 'NONE', #787, #564 ) ;
#2716 = VECTOR ( 'NONE', #1411, 1000.000000000000000 ) ;
#2717 = VERTEX_POINT ( 'NONE', #1840 ) ;
#2718 = EDGE_CURVE ( 'NONE', #3129, #1202, #1253, .T. ) ;
#2719 = ADVANCED_FACE ( 'NONE', ( #2386 ), #1261, .T. ) ;
#2720 = CARTESIAN_POINT ( 'NONE',  ( -1.200499999999972811, 2.348097038856279628, -1.624000000000037414 ) ) ;
#2721 = FACE_OUTER_BOUND ( 'NONE', #1943, .T. ) ;
#2722 = LINE ( 'NONE', #167, #1673 ) ;
#2723 = EDGE_LOOP ( 'NONE', ( #2824, #1684, #2174, #647 ) ) ;
#2724 = EDGE_CURVE ( 'NONE', #890, #2904, #1294, .T. ) ;
#2725 = DIRECTION ( 'NONE',  ( 0.000000000000000000, 0.000000000000000000, -1.000000000000000000 ) ) ;
#2726 = VECTOR ( 'NONE', #1081, 1000.000000000000000 ) ;
#2727 = LINE ( 'NONE', #1764, #1689 ) ;
#2728 = ORIENTED_EDGE ( 'NONE', *, *, #885, .F. ) ;
#2729 = CARTESIAN_POINT ( 'NONE',  ( 1.149999999999999467, 0.8200000000000003952, 1.404999999999998250 ) ) ;
#2730 = PLANE ( 'NONE',  #2374 ) ;
#2731 = CARTESIAN_POINT ( 'NONE',  ( 1.042304473782994734, 1.080000000000000071, 1.388431457505076461 ) ) ;
#2732 = EDGE_CURVE ( 'NONE', #1951, #610, #2343, .T. ) ;
#2733 = VECTOR ( 'NONE', #1859, 1000.000000000000000 ) ;
#2734 = FACE_OUTER_BOUND ( 'NONE', #698, .T. ) ;
#2735 = ORIENTED_EDGE ( 'NONE', *, *, #2078, .F. ) ;
#2736 = DIRECTION ( 'NONE',  ( -1.000000000000000000, 0.000000000000000000, 0.000000000000000000 ) ) ;
#2737 = CARTESIAN_POINT ( 'NONE',  ( -0.9145821259049214946, 1.027911707835015287, -1.524783818381989287 ) ) ;
#2738 = DIRECTION ( 'NONE',  ( 0.000000000000000000, 0.000000000000000000, -1.000000000000000000 ) ) ;
#2739 = EDGE_CURVE ( 'NONE', #2214, #2121, #211, .T. ) ;
#2740 = LINE ( 'NONE', #1025, #520 ) ;
#2741 = FACE_OUTER_BOUND ( 'NONE', #1697, .T. ) ;
#2742 = VERTEX_POINT ( 'NONE', #1220 ) ;
#2743 = DIRECTION ( 'NONE',  ( -0.000000000000000000, -1.000000000000000000, -0.000000000000000000 ) ) ;
#2744 = ADVANCED_FACE ( 'NONE', ( #2328 ), #1288, .T. ) ;
#2745 = CYLINDRICAL_SURFACE ( 'NONE', #185, 0.1000000000000000472 ) ;
#2746 = LINE ( 'NONE', #2543, #604 ) ;
#2747 = EDGE_LOOP ( 'NONE', ( #2304, #916, #942, #2041 ) ) ;
#2748 = AXIS2_PLACEMENT_3D ( 'NONE', #2407, #1632, #3214 ) ;
#2749 = FILL_AREA_STYLE_COLOUR ( '', #461 ) ;
#2750 = SURFACE_STYLE_USAGE ( .BOTH. , #723 ) ;
#2751 = LINE ( 'NONE', #2478, #2686 ) ;
#2752 = ORIENTED_EDGE ( 'NONE', *, *, #1283, .F. ) ;
#2753 = DIRECTION ( 'NONE',  ( -0.000000000000000000, -1.000000000000000000, 0.000000000000000000 ) ) ;
#2754 = AXIS2_PLACEMENT_3D ( 'NONE', #1436, #2207, #1373 ) ;
#2755 = FACE_OUTER_BOUND ( 'NONE', #47, .T. ) ;
#2756 = FACE_OUTER_BOUND ( 'NONE', #2556, .T. ) ;
#2757 = ORIENTED_EDGE ( 'NONE', *, *, #485, .T. ) ;
#2758 = DIRECTION ( 'NONE',  ( -0.000000000000000000, -0.000000000000000000, 1.000000000000000000 ) ) ;
#2759 = DIRECTION ( 'NONE',  ( 0.000000000000000000, -0.000000000000000000, -1.000000000000000000 ) ) ;
#2760 = DIRECTION ( 'NONE',  ( -1.042502088928369515E-14, 0.000000000000000000, 1.000000000000000000 ) ) ;
#2761 = CARTESIAN_POINT ( 'NONE',  ( 0.000000000000000000, 0.000000000000000000, 0.000000000000000000 ) ) ;
#2762 = EDGE_CURVE ( 'NONE', #2717, #936, #244, .T. ) ;
#2763 = VECTOR ( 'NONE', #379, 1000.000000000000000 ) ;
#2764 = VERTEX_POINT ( 'NONE', #1152 ) ;
#2765 = CARTESIAN_POINT ( 'NONE',  ( 0.000000000000000000, 0.05000000000000000278, 0.7099999999999999645 ) ) ;
#2766 = EDGE_CURVE ( 'NONE', #807, #2742, #1250, .T. ) ;
#2767 = VECTOR ( 'NONE', #3039, 1000.000000000000000 ) ;
#2768 = ORIENTED_EDGE ( 'NONE', *, *, #2807, .F. ) ;
#2769 = CARTESIAN_POINT ( 'NONE',  ( -1.170689655172413968, 0.2817241379310346794, 1.404999999999997140 ) ) ;
#2770 = CARTESIAN_POINT ( 'NONE',  ( 0.000000000000000000, 2.348097038856279628, 0.7099999999999999645 ) ) ;
#2771 = ADVANCED_FACE ( 'NONE', ( #2355 ), #254, .F. ) ;
#2772 = DIRECTION ( 'NONE',  ( 0.000000000000000000, 0.000000000000000000, -1.000000000000000000 ) ) ;
#2773 = VECTOR ( 'NONE', #1219, 1000.000000000000000 ) ;
#2774 = TOROIDAL_SURFACE ( 'NONE', #521, 0.2199999999999999178, 0.03000000000000012726 ) ;
#2775 = ORIENTED_EDGE ( 'NONE', *, *, #314, .F. ) ;
#2776 = CARTESIAN_POINT ( 'NONE',  ( -0.9299999999999984945, 0.8200000000000003952, -1.625000000000000000 ) ) ;
#2777 = PLANE ( 'NONE',  #2164 ) ;
#2778 = LINE ( 'NONE', #387, #1780 ) ;
#2779 = VECTOR ( 'NONE', #2600, 1000.000000000000000 ) ;
#2780 = ORIENTED_EDGE ( 'NONE', *, *, #3231, .F. ) ;
#2781 = AXIS2_PLACEMENT_3D ( 'NONE', #940, #2194, #2169 ) ;
#2782 = DIRECTION ( 'NONE',  ( -1.000000000000000000, 0.000000000000000000, -5.223883194702886951E-14 ) ) ;
#2783 = CARTESIAN_POINT ( 'NONE',  ( 0.4755000000000129123, 0.000000000000000000, -0.2820000000000429385 ) ) ;
#2784 = CARTESIAN_POINT ( 'NONE',  ( -0.9967669089002859639, 1.067929915119500750, -1.471766908900286275 ) ) ;
#2785 = CARTESIAN_POINT ( 'NONE',  ( 0.000000000000000000, 2.348097038856279628, 0.7099999999999999645 ) ) ;
#2786 = STYLED_ITEM ( 'NONE', ( #19 ), #2388 ) ;
#2787 = VECTOR ( 'NONE', #2637, 1000.000000000000000 ) ;
#2788 = LINE ( 'NONE', #383, #1635 ) ;
#2789 = ORIENTED_EDGE ( 'NONE', *, *, #2088, .F. ) ;
#2790 = DIRECTION ( 'NONE',  ( -0.000000000000000000, -1.000000000000000000, -0.000000000000000000 ) ) ;
#2791 = ORIENTED_EDGE ( 'NONE', *, *, #876, .F. ) ;
#2792 = CARTESIAN_POINT ( 'NONE',  ( -0.9300000000000000488, 0.2817241379310346794, 1.405000000000000027 ) ) ;
#2793 = AXIS2_PLACEMENT_3D ( 'NONE', #1806, #802, #2350 ) ;
#2794 = LINE ( 'NONE', #1841, #1649 ) ;
#2795 = ORIENTED_EDGE ( 'NONE', *, *, #2471, .F. ) ;
#2796 = ORIENTED_EDGE ( 'NONE', *, *, #422, .T. ) ;
#2797 = CARTESIAN_POINT ( 'NONE',  ( -1.216666666666666341, 0.3300000000000001266, 1.404999999999997140 ) ) ;
#2798 = CARTESIAN_POINT ( 'NONE',  ( 1.179999999999999716, 0.2600000000000000644, -1.404999999999996918 ) ) ;
#2799 = CARTESIAN_POINT ( 'NONE',  ( 1.200500000000012779, 0.05000000000000012768, -0.2820000000000429941 ) ) ;
#2800 = CARTESIAN_POINT ( 'NONE',  ( -1.049783818381989864, 1.027911707835015065, 1.389582125904921250 ) ) ;
#2801 = VERTEX_POINT ( 'NONE', #3087 ) ;
#2802 = DIRECTION ( 'NONE',  ( -1.000000000000000000, 0.000000000000000000, -2.356054720978101885E-14 ) ) ;
#2803 = PRESENTATION_STYLE_ASSIGNMENT (( #881 ) ) ;
#2804 = ADVANCED_FACE ( 'NONE', ( #225 ), #3159, .T. ) ;
#2805 = CIRCLE ( 'NONE', #1867, 0.2199999999999999178 ) ;
#2806 = ORIENTED_EDGE ( 'NONE', *, *, #2649, .F. ) ;
#2807 = EDGE_CURVE ( 'NONE', #2323, #3179, #1245, .T. ) ;
#2808 = DIRECTION ( 'NONE',  ( 0.000000000000000000, -1.000000000000000000, 0.000000000000000000 ) ) ;
#2809 = VERTEX_POINT ( 'NONE', #2120 ) ;
#2810 = VERTEX_POINT ( 'NONE', #1874 ) ;
#2811 = LINE ( 'NONE', #2846, #654 ) ;
#2812 = VECTOR ( 'NONE', #1087, 1000.000000000000000 ) ;
#2813 = ORIENTED_EDGE ( 'NONE', *, *, #2562, .F. ) ;
#2814 = DIRECTION ( 'NONE',  ( -0.000000000000000000, 1.000000000000000000, -0.000000000000000000 ) ) ;
#2815 = EDGE_CURVE ( 'NONE', #740, #2121, #171, .T. ) ;
#2816 = CARTESIAN_POINT ( 'NONE',  ( -0.9300000000000000488, 0.9723044737829952266, -1.625000000000000222 ) ) ;
#2817 = DIRECTION ( 'NONE',  ( 0.000000000000000000, 0.000000000000000000, -1.000000000000000000 ) ) ;
#2818 = ORIENTED_EDGE ( 'NONE', *, *, #1656, .T. ) ;
#2819 = CARTESIAN_POINT ( 'NONE',  ( -1.216666666666666341, 0.3300000000000001266, 0.000000000000000000 ) ) ;
#2820 = VECTOR ( 'NONE', #1406, 1000.000000000000000 ) ;
#2821 = VERTEX_POINT ( 'NONE', #398 ) ;
#2822 = CYLINDRICAL_SURFACE ( 'NONE', #1574, 0.03000000000000007869 ) ;
#2823 = LINE ( 'NONE', #1581, #2828 ) ;
#2824 = ORIENTED_EDGE ( 'NONE', *, *, #3143, .T. ) ;
#2825 = ORIENTED_EDGE ( 'NONE', *, *, #3149, .T. ) ;
#2826 = ORIENTED_EDGE ( 'NONE', *, *, #1677, .F. ) ;
#2827 = CYLINDRICAL_SURFACE ( 'NONE', #1273, 0.8125000000000001110 ) ;
#2828 = VECTOR ( 'NONE', #1143, 1000.000000000000000 ) ;
#2829 = ORIENTED_EDGE ( 'NONE', *, *, #2438, .F. ) ;
#2830 = ORIENTED_EDGE ( 'NONE', *, *, #2146, .T. ) ;
#2831 = DIRECTION ( 'NONE',  ( 0.000000000000000000, 0.000000000000000000, -1.000000000000000000 ) ) ;
#2832 = PLANE ( 'NONE',  #331 ) ;
#2833 = ORIENTED_EDGE ( 'NONE', *, *, #1520, .T. ) ;
#2834 = CARTESIAN_POINT ( 'NONE',  ( 0.000000000000000000, 2.348097038856279628, -1.624000000000022093 ) ) ;
#2835 = CIRCLE ( 'NONE', #2027, 0.5124999999999999556 ) ;
#2836 = ORIENTED_EDGE ( 'NONE', *, *, #2409, .F. ) ;
#2837 = DIRECTION ( 'NONE',  ( 0.000000000000000000, 1.000000000000000000, 0.000000000000000000 ) ) ;
#2838 = DIRECTION ( 'NONE',  ( 3.888173308223841438E-15, -0.000000000000000000, 1.000000000000000000 ) ) ;
#2839 = ORIENTED_EDGE ( 'NONE', *, *, #2922, .F. ) ;
#2840 = ORIENTED_EDGE ( 'NONE', *, *, #110, .F. ) ;
#2841 = VECTOR ( 'NONE', #840, 1000.000000000000000 ) ;
#2842 = FACE_OUTER_BOUND ( 'NONE', #1752, .T. ) ;
#2843 = ORIENTED_EDGE ( 'NONE', *, *, #195, .F. ) ;
#2844 = DIRECTION ( 'NONE',  ( 1.000000000000000000, 0.000000000000000000, -1.971276677246372308E-15 ) ) ;
#2845 = DIRECTION ( 'NONE',  ( -0.000000000000000000, -0.000000000000000000, 1.000000000000000000 ) ) ;
#2846 = CARTESIAN_POINT ( 'NONE',  ( -3.118314993195672637E-15, 0.05000000000000000278, -0.8020000000000391260 ) ) ;
#2847 = DIRECTION ( 'NONE',  ( 0.000000000000000000, 0.000000000000000000, -1.000000000000000000 ) ) ;
#2848 = AXIS2_PLACEMENT_3D ( 'NONE', #1323, #2000, #2532 ) ;
#2849 = ORIENTED_EDGE ( 'NONE', *, *, #2387, .F. ) ;
#2850 = DIRECTION ( 'NONE',  ( 1.000000000000000000, 0.000000000000000000, 0.000000000000000000 ) ) ;
#2851 = ORIENTED_EDGE ( 'NONE', *, *, #3015, .T. ) ;
#2852 = CIRCLE ( 'NONE', #859, 0.03000000000000007869 ) ;
#2853 = LINE ( 'NONE', #1555, #762 ) ;
#2854 = ORIENTED_EDGE ( 'NONE', *, *, #2417, .F. ) ;
#2855 = EDGE_LOOP ( 'NONE', ( #3181, #2994, #2843, #22, #1089 ) ) ;
#2856 = AXIS2_PLACEMENT_3D ( 'NONE', #1966, #2658, #1222 ) ;
#2857 = DIRECTION ( 'NONE',  ( -0.000000000000000000, -0.000000000000000000, 1.000000000000000000 ) ) ;
#2858 = VECTOR ( 'NONE', #2655, 1000.000000000000000 ) ;
#2859 = ORIENTED_EDGE ( 'NONE', *, *, #3217, .T. ) ;
#2860 = CARTESIAN_POINT ( 'NONE',  ( -0.6250000000000004441, 0.9799999999999999822, -1.000000000000000000 ) ) ;
#2861 = CIRCLE ( 'NONE', #3167, 0.1625000000000000056 ) ;
#2862 = COLOUR_RGB ( '',1.000000000000000000, 0.8117647058823529438, 0.5019607843137254832 ) ;
#2863 = ORIENTED_EDGE ( 'NONE', *, *, #2562, .T. ) ;
#2864 = ORIENTED_EDGE ( 'NONE', *, *, #1702, .F. ) ;
#2865 = CARTESIAN_POINT ( 'NONE',  ( 0.9004701872249813999, 1.073232164006397316, -1.433056216962383722 ) ) ;
#2866 = CARTESIAN_POINT ( 'NONE',  ( 1.200500000000015888, 0.000000000000000000, -1.251523757758524062E-14 ) ) ;
#2867 = EDGE_CURVE ( 'NONE', #1156, #1934, #2418, .T. ) ;
#2868 = ORIENTED_EDGE ( 'NONE', *, *, #120, .F. ) ;
#2869 = CARTESIAN_POINT ( 'NONE',  ( 0.9299999999999966072, 0.2600000000000000644, 1.625000000000000000 ) ) ;
#2870 = CIRCLE ( 'NONE', #1158, 0.03000000000000007869 ) ;
#2871 = ORIENTED_EDGE ( 'NONE', *, *, #1620, .F. ) ;
#2872 = UNCERTAINTY_MEASURE_WITH_UNIT (LENGTH_MEASURE( 1.000000000000000082E-05 ), #3058, 'distance_accuracy_value', 'NONE');
#2873 = CARTESIAN_POINT ( 'NONE',  ( -1.200499999999991685, 0.05000000000000000278, -0.8020000000000344631 ) ) ;
#2874 = ORIENTED_EDGE ( 'NONE', *, *, #915, .F. ) ;
#2875 = ORIENTED_EDGE ( 'NONE', *, *, #2348, .F. ) ;
#2876 = EDGE_CURVE ( 'NONE', #2821, #2063, #1320, .T. ) ;
#2877 = FACE_OUTER_BOUND ( 'NONE', #1497, .T. ) ;
#2878 = VECTOR ( 'NONE', #1478, 1000.000000000000000 ) ;
#2879 = VERTEX_POINT ( 'NONE', #2599 ) ;
#2880 = DIRECTION ( 'NONE',  ( -1.042502088928369515E-14, 0.000000000000000000, -1.000000000000000000 ) ) ;
#2881 = FILL_AREA_STYLE_COLOUR ( '', #737 ) ;
#2882 = DIRECTION ( 'NONE',  ( -0.000000000000000000, -1.000000000000000000, -0.000000000000000000 ) ) ;
#2883 = ORIENTED_EDGE ( 'NONE', *, *, #526, .T. ) ;
#2884 = CARTESIAN_POINT ( 'NONE',  ( 0.4755000000000365601, 0.05000000000000000278, -4.957097432854778454E-15 ) ) ;
#2885 = ORIENTED_EDGE ( 'NONE', *, *, #1215, .T. ) ;
#2886 = VECTOR ( 'NONE', #2656, 1000.000000000000000 ) ;
#2887 = EDGE_CURVE ( 'NONE', #147, #2934, #186, .T. ) ;
#2888 = ORIENTED_EDGE ( 'NONE', *, *, #1169, .T. ) ;
#2889 = ORIENTED_EDGE ( 'NONE', *, *, #719, .T. ) ;
#2890 = CARTESIAN_POINT ( 'NONE',  ( 0.000000000000000000, 0.05000000000000000278, 0.000000000000000000 ) ) ;
#2891 = ORIENTED_EDGE ( 'NONE', *, *, #1215, .F. ) ;
#2892 = CARTESIAN_POINT ( 'NONE',  ( -0.000000000000000000, 0.000000000000000000, -1.104000000000037174 ) ) ;
#2893 = CIRCLE ( 'NONE', #2492, 0.03000000000000007869 ) ;
#2894 = TOROIDAL_SURFACE ( 'NONE', #1404, 0.2866666666666661811, 0.06666666666666624941 ) ;
#2895 = EDGE_LOOP ( 'NONE', ( #2875, #815, #2998, #1754 ) ) ;
#2896 = AXIS2_PLACEMENT_3D ( 'NONE', #1079, #1140, #114 ) ;
#2897 = VERTEX_POINT ( 'NONE', #3185 ) ;
#2898 = SURFACE_STYLE_USAGE ( .BOTH. , #220 ) ;
#2899 = DIRECTION ( 'NONE',  ( -1.042502088928369515E-14, 0.000000000000000000, -1.000000000000000000 ) ) ;
#2900 = ORIENTED_EDGE ( 'NONE', *, *, #1076, .T. ) ;
#2901 = FACE_OUTER_BOUND ( 'NONE', #1988, .T. ) ;
#2902 = ORIENTED_EDGE ( 'NONE', *, *, #2867, .T. ) ;
#2903 = VERTEX_POINT ( 'NONE', #3136 ) ;
#2904 = VERTEX_POINT ( 'NONE', #1415 ) ;
#2905 = CIRCLE ( 'NONE', #1982, 0.2199999999999999178 ) ;
#2906 = AXIS2_PLACEMENT_3D ( 'NONE', #1251, #2930, #2400 ) ;
#2907 = LINE ( 'NONE', #2010, #2878 ) ;
#2908 = ORIENTED_EDGE ( 'NONE', *, *, #2078, .T. ) ;
#2909 = DIRECTION ( 'NONE',  ( 1.000000000000000000, 0.000000000000000000, -0.000000000000000000 ) ) ;
#2910 = CARTESIAN_POINT ( 'NONE',  ( 1.200500000000019662, 0.05000000000000000278, -1.624000000000022093 ) ) ;
#2911 = ORIENTED_EDGE ( 'NONE', *, *, #719, .F. ) ;
#2912 = ORIENTED_EDGE ( 'NONE', *, *, #1968, .T. ) ;
#2913 = VERTEX_POINT ( 'NONE', #380 ) ;
#2914 = AXIS2_PLACEMENT_3D ( 'NONE', #1117, #1356, #3103 ) ;
#2915 = EDGE_LOOP ( 'NONE', ( #3115, #2185, #2203, #3198 ) ) ;
#2916 = ADVANCED_FACE ( 'NONE', ( #1264 ), #907, .T. ) ;
#2917 = DIRECTION ( 'NONE',  ( -1.000000000000000000, 0.000000000000000000, -6.505213034913066047E-15 ) ) ;
#2918 = ORIENTED_EDGE ( 'NONE', *, *, #711, .F. ) ;
#2919 = DIRECTION ( 'NONE',  ( 7.885106708985489231E-15, 0.000000000000000000, -1.000000000000000000 ) ) ;
#2920 = FACE_OUTER_BOUND ( 'NONE', #2244, .T. ) ;
#2921 = ORIENTED_EDGE ( 'NONE', *, *, #2482, .F. ) ;
#2922 = EDGE_CURVE ( 'NONE', #1817, #147, #2405, .T. ) ;
#2923 =( BOUNDED_CURVE ( )  B_SPLINE_CURVE ( 3, ( #767, #3068, #101, #325 ),
 .UNSPECIFIED., .F., .F. ) 
 B_SPLINE_CURVE_WITH_KNOTS ( ( 4, 4 ),
 ( 0.000000000000000000, 1.570796326794896558 ),
 .UNSPECIFIED. ) 
 CURVE ( )  GEOMETRIC_REPRESENTATION_ITEM ( )  RATIONAL_B_SPLINE_CURVE ( ( 1.000000000000000000, 0.8047378541243649375, 0.8047378541243649375, 1.000000000000000000 ) ) 
 REPRESENTATION_ITEM ( '' )  );
#2924 = ORIENTED_EDGE ( 'NONE', *, *, #1408, .F. ) ;
#2925 = CARTESIAN_POINT ( 'NONE',  ( 0.9249516375886528419, 0.9509380780268221756, -1.592185644326246097 ) ) ;
#2926 = PLANE ( 'NONE',  #2609 ) ;
#2927 =( BOUNDED_CURVE ( )  B_SPLINE_CURVE ( 3, ( #286, #768, #306, #1807 ),
 .UNSPECIFIED., .F., .F. ) 
 B_SPLINE_CURVE_WITH_KNOTS ( ( 4, 4 ),
 ( 4.712388980384689674, 6.283185307179584456 ),
 .UNSPECIFIED. ) 
 CURVE ( )  GEOMETRIC_REPRESENTATION_ITEM ( )  RATIONAL_B_SPLINE_CURVE ( ( 1.000000000000000000, 0.8047378541243649375, 0.8047378541243649375, 1.000000000000000000 ) ) 
 REPRESENTATION_ITEM ( '' )  );
#2928 = EDGE_LOOP ( 'NONE', ( #2097, #1002, #2226, #1107 ) ) ;
#2929 =( NAMED_UNIT ( * ) SI_UNIT ( $, .STERADIAN. ) SOLID_ANGLE_UNIT ( ) );
#2930 = DIRECTION ( 'NONE',  ( 1.000000000000000000, 0.000000000000000000, 7.392287539673896450E-15 ) ) ;
#2931 = ORIENTED_EDGE ( 'NONE', *, *, #2007, .T. ) ;
#2932 = EDGE_CURVE ( 'NONE', #2190, #3049, #191, .T. ) ;
#2933 = VERTEX_POINT ( 'NONE', #3207 ) ;
#2934 = VERTEX_POINT ( 'NONE', #2991 ) ;
#2935 = LINE ( 'NONE', #1962, #669 ) ;
#2936 = ORIENTED_EDGE ( 'NONE', *, *, #2739, .T. ) ;
#2937 = CARTESIAN_POINT ( 'NONE',  ( -0.6250000000000004441, 0.9799999999999999822, -1.100000000000000089 ) ) ;
#2938 = DIRECTION ( 'NONE',  ( 0.000000000000000000, 0.000000000000000000, -1.000000000000000000 ) ) ;
#2939 = CARTESIAN_POINT ( 'NONE',  ( -0.4754999999999849347, 0.000000000000000000, -0.8020000000000372387 ) ) ;
#2940 = EDGE_LOOP ( 'NONE', ( #728, #1852, #3033, #1722 ) ) ;
#2941 = EDGE_LOOP ( 'NONE', ( #1724, #2829, #2813, #566 ) ) ;
#2942 = LINE ( 'NONE', #99, #1873 ) ;
#2943 = CIRCLE ( 'NONE', #2330, 0.2406896551724138078 ) ;
#2944 = VERTEX_POINT ( 'NONE', #2939 ) ;
#2945 = ORIENTED_EDGE ( 'NONE', *, *, #1932, .T. ) ;
#2946 = CARTESIAN_POINT ( 'NONE',  ( 1.149999999999999467, 0.8200000000000003952, -1.404999999999998472 ) ) ;
#2947 = EDGE_CURVE ( 'NONE', #2913, #399, #199, .T. ) ;
#2948 = ORIENTED_EDGE ( 'NONE', *, *, #467, .F. ) ;
#2949 = VECTOR ( 'NONE', #1468, 1000.000000000000000 ) ;
#2950 = FACE_OUTER_BOUND ( 'NONE', #370, .T. ) ;
#2951 = ORIENTED_EDGE ( 'NONE', *, *, #1071, .F. ) ;
#2952 = AXIS2_PLACEMENT_3D ( 'NONE', #1001, #1026, #2479 ) ;
#2953 = ORIENTED_EDGE ( 'NONE', *, *, #2269, .T. ) ;
#2954 = ORIENTED_EDGE ( 'NONE', *, *, #668, .F. ) ;
#2955 = LINE ( 'NONE', #2860, #2858 ) ;
#2956 = DIRECTION ( 'NONE',  ( -0.000000000000000000, 1.000000000000000000, -0.000000000000000000 ) ) ;
#2957 = FACE_OUTER_BOUND ( 'NONE', #3072, .T. ) ;
#2958 = AXIS2_PLACEMENT_3D ( 'NONE', #2530, #2477, #1516 ) ;
#2959 = DIRECTION ( 'NONE',  ( 0.000000000000000000, -1.000000000000000000, 0.000000000000000000 ) ) ;
#2960 = FACE_OUTER_BOUND ( 'NONE', #1174, .T. ) ;
#2961 = ORIENTED_EDGE ( 'NONE', *, *, #3143, .F. ) ;
#2962 = ORIENTED_EDGE ( 'NONE', *, *, #1382, .F. ) ;
#2963 =( GEOMETRIC_REPRESENTATION_CONTEXT ( 3 ) GLOBAL_UNCERTAINTY_ASSIGNED_CONTEXT ( ( #2872 ) ) GLOBAL_UNIT_ASSIGNED_CONTEXT ( ( #3058, #335, #1542 ) ) REPRESENTATION_CONTEXT ( 'NONE', 'WORKASPACE' ) );
#2964 = CIRCLE ( 'NONE', #1365, 0.1000000000000000472 ) ;
#2965 = LINE ( 'NONE', #418, #2987 ) ;
#2966 = ORIENTED_EDGE ( 'NONE', *, *, #2815, .F. ) ;
#2967 = CARTESIAN_POINT ( 'NONE',  ( -1.325000000000000400, 0.2300000000000000100, 1.750000000000000000 ) ) ;
#2968 = PLANE ( 'NONE',  #1566 ) ;
#2969 = EDGE_LOOP ( 'NONE', ( #971, #55, #1866, #2191 ) ) ;
#2970 = AXIS2_PLACEMENT_3D ( 'NONE', #3197, #645, #2831 ) ;
#2971 = DIRECTION ( 'NONE',  ( 1.000000000000000000, -0.000000000000000000, -0.000000000000000000 ) ) ;
#2972 = VECTOR ( 'NONE', #817, 1000.000000000000000 ) ;
#2973 = VERTEX_POINT ( 'NONE', #453 ) ;
#2974 = ORIENTED_EDGE ( 'NONE', *, *, #3097, .T. ) ;
#2975 = CARTESIAN_POINT ( 'NONE',  ( -0.9299999999999982725, 0.8200000000000003952, 1.625000000000000000 ) ) ;
#2976 = EDGE_CURVE ( 'NONE', #2028, #1138, #219, .T. ) ;
#2977 = ORIENTED_EDGE ( 'NONE', *, *, #1524, .F. ) ;
#2978 = ORIENTED_EDGE ( 'NONE', *, *, #2299, .F. ) ;
#2979 = CARTESIAN_POINT ( 'NONE',  ( -9.714750555725226095E-15, 0.05000000000000012768, -0.8020000000000285789 ) ) ;
#2980 = CARTESIAN_POINT ( 'NONE',  ( 0.4755000000000365601, 0.000000000000000000, -4.957097432854778454E-15 ) ) ;
#2981 = FACE_BOUND ( 'NONE', #854, .T. ) ;
#2982 = EDGE_CURVE ( 'NONE', #657, #1156, #180, .T. ) ;
#2983 = DIRECTION ( 'NONE',  ( 0.000000000000000000, 0.000000000000000000, 1.000000000000000000 ) ) ;
#2984 = VERTEX_POINT ( 'NONE', #1985 ) ;
#2985 = ORIENTED_EDGE ( 'NONE', *, *, #2766, .T. ) ;
#2986 = ADVANCED_FACE ( 'NONE', ( #240 ), #2968, .F. ) ;
#2987 = VECTOR ( 'NONE', #2018, 1000.000000000000000 ) ;
#2988 = ORIENTED_EDGE ( 'NONE', *, *, #2471, .T. ) ;
#2989 = DIRECTION ( 'NONE',  ( 0.000000000000000000, -0.000000000000000000, 1.000000000000000000 ) ) ;
#2990 = CARTESIAN_POINT ( 'NONE',  ( -0.4755000000000038640, 0.05000000000000012768, -1.120304019825096509E-14 ) ) ;
#2991 = CARTESIAN_POINT ( 'NONE',  ( 0.9299999999999979394, 0.2300000000000000100, -1.625000000000000000 ) ) ;
#2992 = ORIENTED_EDGE ( 'NONE', *, *, #1973, .T. ) ;
#2993 = VECTOR ( 'NONE', #333, 1000.000000000000000 ) ;
#2994 = ORIENTED_EDGE ( 'NONE', *, *, #2982, .F. ) ;
#2995 = DIRECTION ( 'NONE',  ( 0.000000000000000000, -1.000000000000000000, 0.000000000000000000 ) ) ;
#2996 = AXIS2_PLACEMENT_3D ( 'NONE', #1948, #600, #2651 ) ;
#2997 = DIRECTION ( 'NONE',  ( 1.042502088928369515E-14, 0.000000000000000000, -1.000000000000000000 ) ) ;
#2998 = ORIENTED_EDGE ( 'NONE', *, *, #668, .T. ) ;
#2999 = AXIS2_PLACEMENT_3D ( 'NONE', #1772, #2625, #75 ) ;
#3000 = EDGE_LOOP ( 'NONE', ( #1777, #797, #1229, #542 ) ) ;
#3001 = ORIENTED_EDGE ( 'NONE', *, *, #532, .F. ) ;
#3002 = CARTESIAN_POINT ( 'NONE',  ( -1.200500000000000123, 2.348097038856279628, -1.251523757758507811E-14 ) ) ;
#3003 = CARTESIAN_POINT ( 'NONE',  ( 6.276314845630184232E-17, 2.348097038856279628, 1.222499999999999920 ) ) ;
#3004 = CARTESIAN_POINT ( 'NONE',  ( 0.000000000000000000, 0.05000000000000000278, 0.7099999999999999645 ) ) ;
#3005 = VERTEX_POINT ( 'NONE', #3228 ) ;
#3006 =( GEOMETRIC_REPRESENTATION_CONTEXT ( 3 ) GLOBAL_UNCERTAINTY_ASSIGNED_CONTEXT ( ( #3094 ) ) GLOBAL_UNIT_ASSIGNED_CONTEXT ( ( #2643, #2598, #1625 ) ) REPRESENTATION_CONTEXT ( 'NONE', 'WORKASPACE' ) );
#3007 = ORIENTED_EDGE ( 'NONE', *, *, #16, .F. ) ;
#3008 = ADVANCED_FACE ( 'NONE', ( #231 ), #2332, .T. ) ;
#3009 = ORIENTED_EDGE ( 'NONE', *, *, #989, .T. ) ;
#3010 = CARTESIAN_POINT ( 'NONE',  ( -0.6250000000000004441, 0.9799999999999999822, -1.000000000000000000 ) ) ;
#3011 = AXIS2_PLACEMENT_3D ( 'NONE', #524, #3014, #2679 ) ;
#3012 = ORIENTED_EDGE ( 'NONE', *, *, #1821, .T. ) ;
#3013 = ORIENTED_EDGE ( 'NONE', *, *, #284, .T. ) ;
#3014 = DIRECTION ( 'NONE',  ( 0.000000000000000000, 0.000000000000000000, -1.000000000000000000 ) ) ;
#3015 = EDGE_CURVE ( 'NONE', #1978, #3027, #248, .T. ) ;
#3016 = ORIENTED_EDGE ( 'NONE', *, *, #3106, .F. ) ;
#3017 = CARTESIAN_POINT ( 'NONE',  ( 6.276314845630184232E-17, 0.05000000000000000278, 1.222499999999999920 ) ) ;
#3018 = EDGE_LOOP ( 'NONE', ( #2789, #620, #1154, #1679 ) ) ;
#3019 = EDGE_LOOP ( 'NONE', ( #623, #1714, #2255, #1137 ) ) ;
#3020 = EDGE_CURVE ( 'NONE', #73, #3005, #1327, .T. ) ;
#3021 =( LENGTH_UNIT ( ) NAMED_UNIT ( * ) SI_UNIT ( .MILLI., .METRE. ) );
#3022 = DIRECTION ( 'NONE',  ( -1.000000000000000000, 0.000000000000000000, 7.477256361968997712E-17 ) ) ;
#3023 = CARTESIAN_POINT ( 'NONE',  ( 0.9299999999999979394, 6.141519810323690542, 1.625000000000000000 ) ) ;
#3024 = ORIENTED_EDGE ( 'NONE', *, *, #2187, .F. ) ;
#3025 = ORIENTED_EDGE ( 'NONE', *, *, #279, .T. ) ;
#3026 = AXIS2_PLACEMENT_3D ( 'NONE', #2770, #598, #372 ) ;
#3027 = VERTEX_POINT ( 'NONE', #2266 ) ;
#3028 = DIRECTION ( 'NONE',  ( 0.000000000000000000, 0.000000000000000000, -1.000000000000000000 ) ) ;
#3029 = VERTEX_POINT ( 'NONE', #2504 ) ;
#3030 = ADVANCED_FACE ( 'NONE', ( #235 ), #2218, .F. ) ;
#3031 = EDGE_LOOP ( 'NONE', ( #1805, #1747 ) ) ;
#3032 = CARTESIAN_POINT ( 'NONE',  ( -0.4754999999999972027, 2.348097038856279628, -0.2820000000000342788 ) ) ;
#3033 = ORIENTED_EDGE ( 'NONE', *, *, #1882, .F. ) ;
#3034 = ADVANCED_FACE ( 'NONE', ( #1308 ), #441, .F. ) ;
#3035 = AXIS2_PLACEMENT_3D ( 'NONE', #1199, #175, #2847 ) ;
#3036 = CARTESIAN_POINT ( 'NONE',  ( -0.6250000000000004441, 0.9799999999999999822, -1.200000000000000178 ) ) ;
#3037 = ORIENTED_EDGE ( 'NONE', *, *, #957, .F. ) ;
#3038 = CARTESIAN_POINT ( 'NONE',  ( 1.200500000000019662, 0.05000000000000012768, -1.624000000000022093 ) ) ;
#3039 = DIRECTION ( 'NONE',  ( 1.042502088928369515E-14, 0.000000000000000000, -1.000000000000000000 ) ) ;
#3040 = EDGE_LOOP ( 'NONE', ( #2791, #1131, #2276, #2839, #3220, #1012, #3209, #3239, #2849 ) ) ;
#3041 = ORIENTED_EDGE ( 'NONE', *, *, #256, .F. ) ;
#3042 = AXIS2_PLACEMENT_3D ( 'NONE', #11, #1013, #261 ) ;
#3043 = CARTESIAN_POINT ( 'NONE',  ( -0.6250000000000004441, 0.9799999999999999822, -1.100000000000000089 ) ) ;
#3044 = CARTESIAN_POINT ( 'NONE',  ( -0.9299999999999987166, 0.2600000000000000644, -1.625000000000000000 ) ) ;
#3045 = DIRECTION ( 'NONE',  ( 0.000000000000000000, -0.000000000000000000, 1.000000000000000000 ) ) ;
#3046 = ORIENTED_EDGE ( 'NONE', *, *, #3020, .T. ) ;
#3047 = ORIENTED_EDGE ( 'NONE', *, *, #2596, .T. ) ;
#3048 = EDGE_CURVE ( 'NONE', #2540, #1061, #2410, .T. ) ;
#3049 = VERTEX_POINT ( 'NONE', #1610 ) ;
#3050 =( LENGTH_UNIT ( ) NAMED_UNIT ( * ) SI_UNIT ( .MILLI., .METRE. ) );
#3051 = VERTEX_POINT ( 'NONE', #1344 ) ;
#3052 = EDGE_CURVE ( 'NONE', #2810, #425, #1330, .T. ) ;
#3053 = ORIENTED_EDGE ( 'NONE', *, *, #352, .F. ) ;
#3054 = FILL_AREA_STYLE ('',( #2749 ) ) ;
#3055 = DIRECTION ( 'NONE',  ( 0.000000000000000000, -0.000000000000000000, -1.000000000000000000 ) ) ;
#3056 = EDGE_LOOP ( 'NONE', ( #1868, #3157, #3153, #3024 ) ) ;
#3057 = CARTESIAN_POINT ( 'NONE',  ( -1.143231712579623416, 0.8880573068030235273, 1.403958725012249831 ) ) ;
#3058 =( LENGTH_UNIT ( ) NAMED_UNIT ( * ) SI_UNIT ( .MILLI., .METRE. ) );
#3059 = ADVANCED_FACE ( 'NONE', ( #1312 ), #967, .T. ) ;
#3060 = FILL_AREA_STYLE_COLOUR ( '', #2862 ) ;
#3061 = CARTESIAN_POINT ( 'NONE',  ( 0.000000000000000000, 2.348097038856279628, 0.1974999999999999811 ) ) ;
#3062 = EDGE_LOOP ( 'NONE', ( #883, #1950 ) ) ;
#3063 = EDGE_CURVE ( 'NONE', #3190, #1138, #2421, .T. ) ;
#3064 = ORIENTED_EDGE ( 'NONE', *, *, #284, .F. ) ;
#3065 = ADVANCED_FACE ( 'NONE', ( #2370 ), #1316, .F. ) ;
#3066 = CARTESIAN_POINT ( 'NONE',  ( -0.9299999999999984945, 6.141519810323690542, -1.625000000000000000 ) ) ;
#3067 = CARTESIAN_POINT ( 'NONE',  ( -0.6250000000000004441, 0.9799999999999999822, -1.200000000000000178 ) ) ;
#3068 = CARTESIAN_POINT ( 'NONE',  ( -0.9300000000000000488, 0.9723044737829952266, 1.625000000000000222 ) ) ;
#3069 = ORIENTED_EDGE ( 'NONE', *, *, #1936, .F. ) ;
#3070 = AXIS2_PLACEMENT_3D ( 'NONE', #1064, #1321, #1380 ) ;
#3071 = ORIENTED_EDGE ( 'NONE', *, *, #1295, .F. ) ;
#3072 = EDGE_LOOP ( 'NONE', ( #605, #1843, #2977 ) ) ;
#3073 = CARTESIAN_POINT ( 'NONE',  ( -1.149999999999999911, 0.2300000000000000100, 1.404999999999998472 ) ) ;
#3074 = VERTEX_POINT ( 'NONE', #2610 ) ;
#3075 = ORIENTED_EDGE ( 'NONE', *, *, #1341, .T. ) ;
#3076 = AXIS2_PLACEMENT_3D ( 'NONE', #3090, #1060, #1513 ) ;
#3077 = CARTESIAN_POINT ( 'NONE',  ( 0.9299999999999979394, 1.080000000000000071, 1.364999999999999991 ) ) ;
#3078 = ORIENTED_EDGE ( 'NONE', *, *, #2591, .T. ) ;
#3079 = DIRECTION ( 'NONE',  ( -7.477256361968997712E-17, 0.000000000000000000, 1.000000000000000000 ) ) ;
#3080 = DIRECTION ( 'NONE',  ( -1.000000000000000000, 0.000000000000000000, 0.000000000000000000 ) ) ;
#3081 = ORIENTED_EDGE ( 'NONE', *, *, #492, .F. ) ;
#3082 = AXIS2_PLACEMENT_3D ( 'NONE', #2617, #2393, #2850 ) ;
#3083 = ORIENTED_EDGE ( 'NONE', *, *, #497, .T. ) ;
#3084 = ADVANCED_FACE ( 'NONE', ( #216 ), #436, .F. ) ;
#3085 = DIRECTION ( 'NONE',  ( -0.000000000000000000, -1.000000000000000000, -0.000000000000000000 ) ) ;
#3086 = DIRECTION ( 'NONE',  ( -0.000000000000000000, -0.000000000000000000, 1.000000000000000000 ) ) ;
#3087 = CARTESIAN_POINT ( 'NONE',  ( 0.4755000000000196292, 0.000000000000000000, -1.624000000000022093 ) ) ;
#3088 = ORIENTED_EDGE ( 'NONE', *, *, #409, .T. ) ;
#3089 = EDGE_CURVE ( 'NONE', #993, #3074, #265, .T. ) ;
#3090 = CARTESIAN_POINT ( 'NONE',  ( -0.6250000000000004441, 0.6971572875253806423, -1.100000000000000089 ) ) ;
#3091 = ORIENTED_EDGE ( 'NONE', *, *, #2591, .F. ) ;
#3092 = CARTESIAN_POINT ( 'NONE',  ( 9.950255243072245579E-17, 0.05000000000000012768, 1.522499999999999964 ) ) ;
#3093 = VERTEX_POINT ( 'NONE', #1616 ) ;
#3094 = UNCERTAINTY_MEASURE_WITH_UNIT (LENGTH_MEASURE( 1.000000000000000082E-05 ), #2643, 'distance_accuracy_value', 'NONE');
#3095 = ORIENTED_EDGE ( 'NONE', *, *, #24, .T. ) ;
#3096 = DIRECTION ( 'NONE',  ( -0.000000000000000000, -1.000000000000000000, 0.000000000000000000 ) ) ;
#3097 = EDGE_CURVE ( 'NONE', #2277, #2190, #2455, .T. ) ;
#3098 = ORIENTED_EDGE ( 'NONE', *, *, #409, .F. ) ;
#3099 = CARTESIAN_POINT ( 'NONE',  ( 0.000000000000000000, 2.348097038856279628, -0.1025000000000001604 ) ) ;
#3100 = CARTESIAN_POINT ( 'NONE',  ( -1.325000000000000400, 0.000000000000000000, 1.750000000000000000 ) ) ;
#3101 = ORIENTED_EDGE ( 'NONE', *, *, #1669, .T. ) ;
#3102 = DIRECTION ( 'NONE',  ( -2.356054720978101885E-14, 0.000000000000000000, 1.000000000000000000 ) ) ;
#3103 = DIRECTION ( 'NONE',  ( -2.939855890778051341E-14, 0.000000000000000000, 1.000000000000000000 ) ) ;
#3104 = ORIENTED_EDGE ( 'NONE', *, *, #16, .T. ) ;
#3105 = CLOSED_SHELL ( 'NONE', ( #2074, #2771, #2508, #267, #1964, #2102 ) ) ;
#3106 = EDGE_CURVE ( 'NONE', #2292, #2349, #2459, .T. ) ;
#3107 = DIRECTION ( 'NONE',  ( 0.000000000000000000, -1.000000000000000000, 0.000000000000000000 ) ) ;
#3108 = CARTESIAN_POINT ( 'NONE',  ( 1.200500000000015888, 0.05000000000000012768, -1.251523757758524062E-14 ) ) ;
#3109 = DIRECTION ( 'NONE',  ( -0.000000000000000000, -1.000000000000000000, 0.000000000000000000 ) ) ;
#3110 = DIRECTION ( 'NONE',  ( -1.042502088928369515E-14, 0.000000000000000000, -1.000000000000000000 ) ) ;
#3111 = ORIENTED_EDGE ( 'NONE', *, *, #2718, .T. ) ;
#3112 = ORIENTED_EDGE ( 'NONE', *, *, #2815, .T. ) ;
#3113 = AXIS2_PLACEMENT_3D ( 'NONE', #2025, #292, #2522 ) ;
#3114 = ADVANCED_FACE ( 'NONE', ( #2468 ), #1424, .T. ) ;
#3115 = ORIENTED_EDGE ( 'NONE', *, *, #1287, .F. ) ;
#3116 =( GEOMETRIC_REPRESENTATION_CONTEXT ( 3 ) GLOBAL_UNCERTAINTY_ASSIGNED_CONTEXT ( ( #747 ) ) GLOBAL_UNIT_ASSIGNED_CONTEXT ( ( #1738, #1042, #282 ) ) REPRESENTATION_CONTEXT ( 'NONE', 'WORKASPACE' ) );
#3117 = ORIENTED_EDGE ( 'NONE', *, *, #2502, .F. ) ;
#3118 = ORIENTED_EDGE ( 'NONE', *, *, #3133, .T. ) ;
#3119 = DIRECTION ( 'NONE',  ( 0.000000000000000000, 0.000000000000000000, -1.000000000000000000 ) ) ;
#3120 = AXIS2_PLACEMENT_3D ( 'NONE', #2517, #2092, #1774 ) ;
#3121 = EDGE_LOOP ( 'NONE', ( #742, #3101, #1883, #2900 ) ) ;
#3122 = ORIENTED_EDGE ( 'NONE', *, *, #1677, .T. ) ;
#3123 = CARTESIAN_POINT ( 'NONE',  ( 1.020939167867464636, 1.047185192899470874, -1.385144487364224908 ) ) ;
#3124 = ORIENTED_EDGE ( 'NONE', *, *, #2876, .T. ) ;
#3125 = CARTESIAN_POINT ( 'NONE',  ( 0.000000000000000000, 0.000000000000000000, -0.1025000000000001604 ) ) ;
#3126 = CARTESIAN_POINT ( 'NONE',  ( -1.149999999999999911, 0.8199999999999999512, -1.405000000000000027 ) ) ;
#3127 = DIRECTION ( 'NONE',  ( 0.000000000000000000, 0.000000000000000000, 1.000000000000000000 ) ) ;
#3128 = DIRECTION ( 'NONE',  ( 0.000000000000000000, 0.000000000000000000, -1.000000000000000000 ) ) ;
#3129 = VERTEX_POINT ( 'NONE', #189 ) ;
#3130 = CARTESIAN_POINT ( 'NONE',  ( 0.4755000000000365601, 2.348097038856279628, -4.957097432854778454E-15 ) ) ;
#3131 = ORIENTED_EDGE ( 'NONE', *, *, #2623, .F. ) ;
#3132 = ORIENTED_EDGE ( 'NONE', *, *, #1993, .T. ) ;
#3133 = EDGE_CURVE ( 'NONE', #1761, #1915, #1358, .T. ) ;
#3134 = EDGE_LOOP ( 'NONE', ( #385, #2535, #861, #3098 ) ) ;
#3135 = DIRECTION ( 'NONE',  ( -1.000000000000000000, 0.000000000000000000, 3.888173308223841438E-15 ) ) ;
#3136 = CARTESIAN_POINT ( 'NONE',  ( -1.149999999999999911, 0.2300000000000000100, -1.404999999999998472 ) ) ;
#3137 = VERTEX_POINT ( 'NONE', #392 ) ;
#3138 = DIRECTION ( 'NONE',  ( 1.000000000000000000, 0.000000000000000000, 0.000000000000000000 ) ) ;
#3139 = VERTEX_POINT ( 'NONE', #1213 ) ;
#3140 = UNCERTAINTY_MEASURE_WITH_UNIT (LENGTH_MEASURE( 1.000000000000000082E-05 ), #2167, 'distance_accuracy_value', 'NONE');
#3141 = VERTEX_POINT ( 'NONE', #2401 ) ;
#3142 = ORIENTED_EDGE ( 'NONE', *, *, #2438, .T. ) ;
#3143 = EDGE_CURVE ( 'NONE', #3051, #1769, #2666, .T. ) ;
#3144 = ADVANCED_FACE ( 'NONE', ( #280 ), #1409, .F. ) ;
#3145 = ORIENTED_EDGE ( 'NONE', *, *, #832, .F. ) ;
#3146 = CARTESIAN_POINT ( 'NONE',  ( 0.000000000000000000, 0.000000000000000000, -1.624000000000022093 ) ) ;
#3147 = ORIENTED_EDGE ( 'NONE', *, *, #2507, .T. ) ;
#3148 = VERTEX_POINT ( 'NONE', #2448 ) ;
#3149 = EDGE_CURVE ( 'NONE', #1202, #30, #2500, .T. ) ;
#3150 = EDGE_LOOP ( 'NONE', ( #631, #653, #3118, #2859 ) ) ;
#3151 = PLANE ( 'NONE',  #628 ) ;
#3152 = DIRECTION ( 'NONE',  ( 0.000000000000000000, 1.000000000000000000, 0.000000000000000000 ) ) ;
#3153 = ORIENTED_EDGE ( 'NONE', *, *, #438, .F. ) ;
#3154 = CLOSED_SHELL ( 'NONE', ( #518, #2660, #1466, #1527, #846, #1090 ) ) ;
#3155 = ORIENTED_EDGE ( 'NONE', *, *, #2039, .T. ) ;
#3156 = FACE_OUTER_BOUND ( 'NONE', #801, .T. ) ;
#3157 = ORIENTED_EDGE ( 'NONE', *, *, #532, .T. ) ;
#3158 = DIRECTION ( 'NONE',  ( 0.000000000000000000, 1.000000000000000000, -0.000000000000000000 ) ) ;
#3159 = PLANE ( 'NONE',  #1100 ) ;
#3160 = EDGE_LOOP ( 'NONE', ( #1216, #1898, #123, #1856 ) ) ;
#3161 = AXIS2_PLACEMENT_3D ( 'NONE', #1092, #1122, #2844 ) ;
#3162 = DIRECTION ( 'NONE',  ( -1.042502088928369515E-14, 0.000000000000000000, 1.000000000000000000 ) ) ;
#3163 = ORIENTED_EDGE ( 'NONE', *, *, #2976, .T. ) ;
#3164 = FACE_OUTER_BOUND ( 'NONE', #5, .T. ) ;
#3165 = ORIENTED_EDGE ( 'NONE', *, *, #2312, .F. ) ;
#3166 = EDGE_LOOP ( 'NONE', ( #2891, #911, #1034, #2826 ) ) ;
#3167 = AXIS2_PLACEMENT_3D ( 'NONE', #3176, #732, #1484 ) ;
#3168 = DIRECTION ( 'NONE',  ( 0.000000000000000000, -0.000000000000000000, -1.000000000000000000 ) ) ;
#3169 = ORIENTED_EDGE ( 'NONE', *, *, #770, .T. ) ;
#3170 = DIRECTION ( 'NONE',  ( -1.000000000000000000, 0.000000000000000000, 0.000000000000000000 ) ) ;
#3171 = LINE ( 'NONE', #687, #1047 ) ;
#3172 = ORIENTED_EDGE ( 'NONE', *, *, #1465, .T. ) ;
#3173 = ORIENTED_EDGE ( 'NONE', *, *, #982, .F. ) ;
#3174 = CARTESIAN_POINT ( 'NONE',  ( 0.8952367276162866983, 1.080000000000000071, -1.399038729505868384 ) ) ;
#3175 = ORIENTED_EDGE ( 'NONE', *, *, #2602, .T. ) ;
#3176 = CARTESIAN_POINT ( 'NONE',  ( 0.000000000000000000, 0.2300000000000000100, 0.7099999999999999645 ) ) ;
#3177 = EDGE_CURVE ( 'NONE', #71, #1221, #1386, .T. ) ;
#3178 = SURFACE_STYLE_USAGE ( .BOTH. , #2626 ) ;
#3179 = VERTEX_POINT ( 'NONE', #419 ) ;
#3180 = ORIENTED_EDGE ( 'NONE', *, *, #2032, .T. ) ;
#3181 = ORIENTED_EDGE ( 'NONE', *, *, #2867, .F. ) ;
#3182 = EDGE_CURVE ( 'NONE', #2140, #936, #345, .T. ) ;
#3183 = MANIFOLD_SOLID_BREP ( 'Cut-Extrude3', #2221 ) ;
#3184 = CARTESIAN_POINT ( 'NONE',  ( 0.8899999999999995692, 1.080000000000000071, -1.404999999999998472 ) ) ;
#3185 = CARTESIAN_POINT ( 'NONE',  ( 0.9299999999999979394, 0.2300000000000000100, 1.625000000000000000 ) ) ;
#3186 = ORIENTED_EDGE ( 'NONE', *, *, #1596, .T. ) ;
#3187 = ORIENTED_EDGE ( 'NONE', *, *, #941, .F. ) ;
#3188 = EDGE_CURVE ( 'NONE', #1718, #2801, #257, .T. ) ;
#3189 = FACE_OUTER_BOUND ( 'NONE', #956, .T. ) ;
#3190 = VERTEX_POINT ( 'NONE', #1289 ) ;
#3191 = DIRECTION ( 'NONE',  ( 0.000000000000000000, -1.000000000000000000, 0.000000000000000000 ) ) ;
#3192 = ORIENTED_EDGE ( 'NONE', *, *, #2146, .F. ) ;
#3193 = CARTESIAN_POINT ( 'NONE',  ( 0.000000000000000000, 0.05000000000000000278, 0.000000000000000000 ) ) ;
#3194 = AXIS2_PLACEMENT_3D ( 'NONE', #2453, #2570, #2178 ) ;
#3195 = SURFACE_STYLE_FILL_AREA ( #2642 ) ;
#3196 = ORIENTED_EDGE ( 'NONE', *, *, #1726, .T. ) ;
#3197 = CARTESIAN_POINT ( 'NONE',  ( 0.000000000000000000, 0.05000000000000000278, 0.7099999999999999645 ) ) ;
#3198 = ORIENTED_EDGE ( 'NONE', *, *, #207, .T. ) ;
#3199 = CARTESIAN_POINT ( 'NONE',  ( -0.9299999999999984945, 6.141519810323690542, -1.625000000000000000 ) ) ;
#3200 =( BOUNDED_SURFACE ( )  B_SPLINE_SURFACE ( 3, 2, ( 
 ( #125, #2347, #1149 ),
 ( #1094, #343, #149 ),
 ( #1549, #534, #324 ),
 ( #560, #1837, #1381 ),
 ( #855, #2119, #2142 ),
 ( #1804, #2390, #2578 ),
 ( #2561, #1568, #512 ),
 ( #2403, #2091, #2366 ),
 ( #831, #2379, #188 ),
 ( #868, #2108, #1858 ) ),
 .UNSPECIFIED., .F., .F., .F. ) 
 B_SPLINE_SURFACE_WITH_KNOTS ( ( 4, 2, 2, 2, 4 ),
 ( 3, 3 ),
 ( 6.283185307179586232, 6.675884388878310816, 7.068583470577034511, 7.461282552275758206, 7.853981633974482790 ),
 ( 0.000000000000000000, 1.000000000000000000 ),
 .UNSPECIFIED. ) 
 GEOMETRIC_REPRESENTATION_ITEM ( )  RATIONAL_B_SPLINE_SURFACE ( (
 ( 1.000000000000000000, 0.7071067811865473507, 1.000000000000000000),
 ( 1.000000000000000000, 0.7066641704626818177, 1.000000000000000000),
 ( 1.000000000000000000, 0.7265671660862564885, 1.000000000000000000),
 ( 1.000000000000000000, 0.7876630736109476727, 1.000000000000000000),
 ( 1.000000000000000000, 0.8282475386265257811, 1.000000000000000000),
 ( 1.000000000000000000, 0.9038032689423507460, 1.000000000000000000),
 ( 1.000000000000000000, 0.9386593608469910865, 1.000000000000000000),
 ( 1.000000000000000000, 0.9867254789153212524, 1.000000000000000000),
 ( 1.000000000000000000, 1.000161367428748838, 1.000000000000000000),
 ( 1.000000000000000000, 1.000000000000000000, 1.000000000000000000) ) ) 
 REPRESENTATION_ITEM ( '' )  SURFACE ( )  );
#3201 = CARTESIAN_POINT ( 'NONE',  ( -1.143231712579623416, 0.8880573068030235273, -1.403958725012249831 ) ) ;
#3202 = ORIENTED_EDGE ( 'NONE', *, *, #256, .T. ) ;
#3203 = ADVANCED_FACE ( 'NONE', ( #2513 ), #2037, .T. ) ;
#3204 = ORIENTED_EDGE ( 'NONE', *, *, #920, .T. ) ;
#3205 = AXIS2_PLACEMENT_3D ( 'NONE', #1361, #3107, #1171 ) ;
#3206 = CARTESIAN_POINT ( 'NONE',  ( 0.9299999999999994937, 0.9723044737829952266, 1.625000000000000222 ) ) ;
#3207 = CARTESIAN_POINT ( 'NONE',  ( 0.4755000000000281779, 0.05000000000000012768, -0.8020000000000343521 ) ) ;
#3208 = ORIENTED_EDGE ( 'NONE', *, *, #982, .T. ) ;
#3209 = ORIENTED_EDGE ( 'NONE', *, *, #1656, .F. ) ;
#3210 = CARTESIAN_POINT ( 'NONE',  ( 0.000000000000000000, 0.000000000000000000, 0.7099999999999999645 ) ) ;
#3211 = AXIS2_PLACEMENT_3D ( 'NONE', #1430, #1240, #1445 ) ;
#3212 = VECTOR ( 'NONE', #423, 1000.000000000000000 ) ;
#3213 = VERTEX_POINT ( 'NONE', #1976 ) ;
#3214 = DIRECTION ( 'NONE',  ( -2.356054720978101885E-14, 0.000000000000000000, 1.000000000000000000 ) ) ;
#3215 = CLOSED_SHELL ( 'NONE', ( #3230, #74, #3114, #1987, #1506, #2719, #3034, #272, #415, #1810, #2065, #3008, #1096, #814, #1489, #289, #1720, #2713, #1447, #1990, #2744, #900, #7, #468, #1607, #135, #382, #871, #81, #2019, #1522, #1056, #2526, #2683, #470, #3065, #1259, #596, #1692, #250, #2688, #2388, #2015, #2311 ) ) ;
#3216 = DIRECTION ( 'NONE',  ( -0.000000000000000000, -1.000000000000000000, 0.000000000000000000 ) ) ;
#3217 = EDGE_CURVE ( 'NONE', #1915, #1767, #2427, .T. ) ;
#3218 = ORIENTED_EDGE ( 'NONE', *, *, #889, .F. ) ;
#3219 = DIRECTION ( 'NONE',  ( 0.000000000000000000, 0.000000000000000000, 1.000000000000000000 ) ) ;
#3220 = ORIENTED_EDGE ( 'NONE', *, *, #1596, .F. ) ;
#3221 = CARTESIAN_POINT ( 'NONE',  ( 0.9299999999999979394, 0.8200000000000003952, -1.625000000000000000 ) ) ;
#3222 = CARTESIAN_POINT ( 'NONE',  ( -0.9219864165900024666, 0.9797838183819894686, -1.572911707835015216 ) ) ;
#3223 = CLOSED_SHELL ( 'NONE', ( #315, #3144, #2042, #1328, #450, #2463 ) ) ;
#3224 = EDGE_CURVE ( 'NONE', #425, #61, #1395, .T. ) ;
#3225 = ORIENTED_EDGE ( 'NONE', *, *, #1125, .F. ) ;
#3226 = DIRECTION ( 'NONE',  ( 0.000000000000000000, 1.000000000000000000, 0.000000000000000000 ) ) ;
#3227 = DIRECTION ( 'NONE',  ( 0.000000000000000000, -1.000000000000000000, 0.000000000000000000 ) ) ;
#3228 = CARTESIAN_POINT ( 'NONE',  ( -0.4754999999999972027, 0.05000000000000012768, -0.2820000000000342788 ) ) ;
#3229 = ORIENTED_EDGE ( 'NONE', *, *, #953, .T. ) ;
#3230 = ADVANCED_FACE ( 'NONE', ( #1346 ), #1378, .F. ) ;
#3231 = EDGE_CURVE ( 'NONE', #2764, #1167, #2464, .T. ) ;
#3232 = ORIENTED_EDGE ( 'NONE', *, *, #1503, .T. ) ;
#3233 = LINE ( 'NONE', #258, #3212 ) ;
#3234 = ORIENTED_EDGE ( 'NONE', *, *, #230, .F. ) ;
#3235 = DIRECTION ( 'NONE',  ( 2.356054720978101885E-14, 0.000000000000000000, -1.000000000000000000 ) ) ;
#3236 = ORIENTED_EDGE ( 'NONE', *, *, #832, .T. ) ;
#3237 = EDGE_CURVE ( 'NONE', #1778, #3141, #2472, .T. ) ;
#3238 = ORIENTED_EDGE ( 'NONE', *, *, #2512, .T. ) ;
#3239 = ORIENTED_EDGE ( 'NONE', *, *, #3182, .T. ) ;
#3240 = CARTESIAN_POINT ( 'NONE',  ( -1.117185644326246230, 0.9509380780268221756, -1.399951637588653375 ) ) ;
#3241 = CARTESIAN_POINT ( 'NONE',  ( 1.324999999999999512, 0.2300000000000000100, 1.750000000000000000 ) ) ;
#3242 = ORIENTED_EDGE ( 'NONE', *, *, #497, .F. ) ;
#3243 = AXIS2_PLACEMENT_3D ( 'NONE', #3, #1984, #1257 ) ;
#3244 = VERTEX_POINT ( 'NONE', #1996 ) ;
ENDSEC;
END-ISO-10303-21;
